{"data":[{"_id":"60f5bdb7a75cca00127e03a2","isFree":false,"status":"PENDING","date":"2021-07-19T18:29:59.000Z","startTime":"2021-07-19T17:30:59.000Z","isDPPNotes":false,"homeworkIds":[{"_id":"60f5bd9e1f1b9a0075559281","actions":["Open","Download","Print"],"topic":"Communication : Lect Notes","note":"Classnotes","attachmentIds":[{"_id":"60f5bd98160e050011cb5eb4","name":"POC (Yug sir) Manzil_compressed.pdf","baseUrl":"https://d1qs8w2pzjtoy9.cloudfront.net/","key":"5eb393ee95fab7468a79d189/678cda33-11b0-4033-8a5a-857e3c1178c4.pdf"}],"batchSubjectId":"60ad14e805e03400186e2cc9"}],"dRoomId":"","isBatchDoubtEnabled":false},{"_id":"60f5b0d5a29d0f009b29ad5a","isFree":false,"status":"PENDING","date":"2021-07-19T18:29:59.000Z","startTime":"2021-07-19T15:30:59.000Z","isDPPNotes":false,"homeworkIds":[{"_id":"60f5b067d87b5c00bfc279a4","actions":["Open","Download","Print"],"topic":"Semiconductors : Lect Notes","note":"Classnotes","attachmentIds":[{"_id":"60f5b02efe0dc60012f2afb5","name":"SEMICONDUCTORS (Yug sir)Manzil_compressed.pdf","baseUrl":"https://d1qs8w2pzjtoy9.cloudfront.net/","key":"5eb393ee95fab7468a79d189/73551070-6fb4-49c3-bb77-448ce66a794b.pdf"}],"batchSubjectId":"60ad14e805e03400186e2cc9"}],"dRoomId":"","isBatchDoubtEnabled":false},{"_id":"60ad14e805e03400186e2d7c","isFree":false,"status":"PENDING","date":"2021-07-19T00:00:01.000Z","startTime":"2021-07-19T10:15:01.000Z","isDPPNotes":false,"homeworkIds":[{"_id":"60f56daab93075010eb6a17d","actions":["Open","Download","Print"],"topic":"Units and Measurements : Practice Sheet","note":"DPP","attachmentIds":[{"_id":"60f56da72216a100e67e9d16","name":"4_Unit Dimension and Measurement_2nd proof (1).pdf","baseUrl":"https://d1qs8w2pzjtoy9.cloudfront.net/","key":"5eb393ee95fab7468a79d189/379636c8-5463-4aab-bdf1-8467e980a8b1.pdf"}],"batchSubjectId":"60ad14e805e03400186e2cc9"},{"_id":"60f564e5d54699013d3f425c","actions":["Open","Download","Print"],"topic":"Units and Measurements : Lect Notes","note":"Classnotes","attachmentIds":[{"_id":"60f564d7a3788801478647da","name":"Units and measurement_compressed.pdf","baseUrl":"https://d1qs8w2pzjtoy9.cloudfront.net/","key":"5eb393ee95fab7468a79d189/4fd6694e-a56f-44f9-9bec-0b85d81b7061.pdf"}],"batchSubjectId":"60ad14e805e03400186e2cc9"}],"dRoomId":"","isBatchDoubtEnabled":false},{"_id":"60fb1197fe587200116f8135","isFree":false,"status":"PENDING","date":"2021-07-19T18:29:59.000Z","startTime":"2021-07-19T04:30:59.000Z","isDPPNotes":false,"homeworkIds":[{"_id":"60fb11cc2fe2c0001806076f","actions":["Open","Download","Print"],"topic":"Semiconductors & Communication : Practice Sheet","note":"DPP","attachmentIds":[{"_id":"60fb11ca1162f7001115dc92","name":"Simiconductor & Communication_Physics_Manzil Batch.pdf","baseUrl":"https://d1qs8w2pzjtoy9.cloudfront.net/","key":"5eb393ee95fab7468a79d189/ccbf9c73-ea08-4989-9776-eb3e2ca616bb.pdf"}],"batchSubjectId":"60ad14e805e03400186e2cc9"}],"dRoomId":"","isBatchDoubtEnabled":false},{"_id":"60f413e5d6508f016e172001","isFree":false,"status":"PENDING","date":"2021-07-18T18:29:59.000Z","startTime":"2021-07-18T11:30:59.000Z","isDPPNotes":false,"homeworkIds":[{"_id":"60f41426477b11015d6e06ab","actions":["Open","Download","Print"],"topic":"KTG and Thermodynamics: Lect Notes","note":"Classnotes","attachmentIds":[{"_id":"60f41424eeed2f00884dfeb4","name":"KTG And Thermodynamics Yug sir_compressed.pdf","baseUrl":"https://d1qs8w2pzjtoy9.cloudfront.net/","key":"5eb393ee95fab7468a79d189/84aff8b9-ddcd-4741-af75-296872ca921b.pdf"}],"batchSubjectId":"60ad14e805e03400186e2cc9"}],"dRoomId":"","isBatchDoubtEnabled":false},{"_id":"60f33c4a8ec51400115a1132","isFree":false,"status":"PENDING","date":"2021-07-18T18:29:59.000Z","startTime":"2021-07-18T03:30:59.000Z","isDPPNotes":false,"homeworkIds":[{"_id":"60f33c25d304c800115128ac","actions":["Open","Download","Print"],"topic":"Modern Physics : Lect Notes","note":"Classnotes","attachmentIds":[{"_id":"60f33c23dc93d800188d5623","name":"manzil modern physics_compressed.pdf","baseUrl":"https://d1qs8w2pzjtoy9.cloudfront.net/","key":"5eb393ee95fab7468a79d189/370d3b58-3152-410c-91bd-94f6c762c13d.pdf"}],"batchSubjectId":"60ad14e805e03400186e2cc9"},{"_id":"60f32eceb9c8f900110f4455","actions":["Open","Download","Print"],"topic":"Modern Physics : Practice Sheet","note":"DPP","attachmentIds":[{"_id":"60f32ecc07af560011ff94e6","name":"Matter wave and photoelectric effect (modern).......pdf","baseUrl":"https://d1qs8w2pzjtoy9.cloudfront.net/","key":"5eb393ee95fab7468a79d189/aca0358b-2a9d-4efe-99be-943fdf316377.pdf"}],"batchSubjectId":"60ad14e805e03400186e2cc9"}],"dRoomId":"","isBatchDoubtEnabled":false},{"_id":"60f336f21e9dec00197fb1b7","isFree":false,"status":"PENDING","date":"2021-07-17T18:29:59.000Z","startTime":"2021-07-17T17:30:59.000Z","isDPPNotes":false,"homeworkIds":[{"_id":"60f32bd8a09dee0011c34d5c","actions":["Open","Download","Print"],"topic":"Current + RC circuits : Practice Sheet","note":"DPP","attachmentIds":[{"_id":"60f32bd309c1e500111cba94","name":"Current + RC Circuits_Manzil Batch.pdf","baseUrl":"https://d1qs8w2pzjtoy9.cloudfront.net/","key":"5eb393ee95fab7468a79d189/e733c237-2ae7-4996-aecd-1b26cde364aa.pdf"}],"batchSubjectId":"60ad14e805e03400186e2cc9"},{"_id":"60f32b7eab5940001ed25bc3","actions":["Open","Download","Print"],"topic":"Electric Charges and Field : Practice Sheet","note":"DPP","attachmentIds":[{"_id":"60f32b7dbd97fc0019372998","name":"Electric Charge and Field Manzil.pdf","baseUrl":"https://d1qs8w2pzjtoy9.cloudfront.net/","key":"5eb393ee95fab7468a79d189/f52085bb-a32a-4fe1-bd10-2c2019af3086.pdf"}],"batchSubjectId":"60ad14e805e03400186e2cc9"}],"dRoomId":"","isBatchDoubtEnabled":false},{"_id":"60f33761f0ee0a0018826cfd","isFree":false,"status":"PENDING","date":"2021-07-17T18:29:59.000Z","startTime":"2021-07-17T17:30:59.000Z","isDPPNotes":false,"homeworkIds":[{"_id":"60f32c98ccb470001916672e","actions":["Open","Download","Print"],"topic":"AC + EM Waves : Practice Sheet","note":"DPP","attachmentIds":[{"_id":"60f32c9303255500183197c2","name":"2_AC AND EMW_1st proof.pdf","baseUrl":"https://d1qs8w2pzjtoy9.cloudfront.net/","key":"5eb393ee95fab7468a79d189/fec4e7e4-a847-4552-aecd-07348ab33857.pdf"}],"batchSubjectId":"60ad14e805e03400186e2cc9"}],"dRoomId":"","isBatchDoubtEnabled":false},{"_id":"60f33794f0fc7d001857760f","isFree":false,"status":"PENDING","date":"2021-07-17T18:29:59.000Z","startTime":"2021-07-17T17:30:59.000Z","isDPPNotes":false,"homeworkIds":[{"_id":"60f32d3af2181a0018accd85","actions":["Open","Download","Print"],"topic":"Lens, Prism and Optical Instruments : Practice Sheet","note":"DPP","attachmentIds":[{"_id":"60f32d38aac49e00118aa671","name":"Lense, Prism and Optical Instrument.pdf","baseUrl":"https://d1qs8w2pzjtoy9.cloudfront.net/","key":"5eb393ee95fab7468a79d189/f2526438-4dff-4fdc-8dcf-7cafd441b52f.pdf"}],"batchSubjectId":"60ad14e805e03400186e2cc9"},{"_id":"60f32cd0d4c3b300181fc50d","actions":["Open","Download","Print"],"topic":"Ray Optics Reflection and refraction : Practice Sheet","note":"DPP","attachmentIds":[{"_id":"60f32cce4ed52600182a5687","name":"3_RAY OPTICS_REFLECTION AND REFRACTION OF LIGHT_1st proof.pdf","baseUrl":"https://d1qs8w2pzjtoy9.cloudfront.net/","key":"5eb393ee95fab7468a79d189/c419a726-4236-4370-ae91-b712056f5f91.pdf"}],"batchSubjectId":"60ad14e805e03400186e2cc9"}],"dRoomId":"","isBatchDoubtEnabled":false},{"_id":"60f337c6ab1e3600111908d8","isFree":false,"status":"PENDING","date":"2021-07-17T18:29:59.000Z","startTime":"2021-07-17T17:30:59.000Z","isDPPNotes":false,"homeworkIds":[{"_id":"60f32d9aeecda90018e3a4c1","actions":["Open","Download","Print"],"topic":"Gravitation : Practice Sheet","note":"DPP","attachmentIds":[{"_id":"60f32d999b356f0018257f7f","name":"Gravitation.pdf","baseUrl":"https://d1qs8w2pzjtoy9.cloudfront.net/","key":"5eb393ee95fab7468a79d189/938cd4fa-15fd-4a34-b7e6-92ad21cc6083.pdf"}],"batchSubjectId":"60ad14e805e03400186e2cc9"},{"_id":"60f32d6c6e6ca30063a1a832","actions":["Open","Download","Print"],"topic":"Wave optics : Practice Sheet","note":"DPP","attachmentIds":[{"_id":"60f32d6ad8a462001184d89c","name":"Wave Optics_Manzil Batch.pdf","baseUrl":"https://d1qs8w2pzjtoy9.cloudfront.net/","key":"5eb393ee95fab7468a79d189/9627c232-ed33-480e-85a5-c9c7efc7e404.pdf"}],"batchSubjectId":"60ad14e805e03400186e2cc9"}],"dRoomId":"","isBatchDoubtEnabled":false},{"_id":"60ad14e805e03400186e2dbd","isFree":false,"status":"PENDING","date":"2021-07-17T00:00:01.000Z","startTime":"2021-07-17T07:30:01.000Z","isDPPNotes":false,"homeworkIds":[{"_id":"60f28f1e4be92c0011580b24","actions":["Open","Download","Print"],"topic":"Gravitation : Lect Notes","note":"Classnotes","attachmentIds":[{"_id":"60f28f148f75190018420351","name":"Gravitation in 1 Shot (Vinay Sir) Manzil_compressed.pdf","baseUrl":"https://d1qs8w2pzjtoy9.cloudfront.net/","key":"5eb393ee95fab7468a79d189/b3d516c7-121b-464d-a4a5-d78fff9ad338.pdf"}],"batchSubjectId":"60ad14e805e03400186e2cc9"}],"dRoomId":"","isBatchDoubtEnabled":false},{"_id":"60ad14e805e03400186e2db0","isFree":false,"status":"PENDING","date":"2021-07-16T00:00:01.000Z","startTime":"2021-07-16T07:30:01.000Z","isDPPNotes":false,"homeworkIds":[{"_id":"60f13d63620166001a11823e","actions":["Open","Download","Print"],"topic":"Wave Optics : Lect Notes","note":"Classnotes","attachmentIds":[{"_id":"60f13d5c2a1c220011a6c85d","name":"Wave OPtics In One Shot Yug Sir_compressed.pdf","baseUrl":"https://d1qs8w2pzjtoy9.cloudfront.net/","key":"5eb393ee95fab7468a79d189/89630e3b-ccb7-4009-ace7-d3b14e4dc3ab.pdf"}],"batchSubjectId":"60ad14e805e03400186e2cc9"}],"dRoomId":"","isBatchDoubtEnabled":false},{"_id":"60f0713affd7050094b248ac","isFree":false,"status":"PENDING","date":"2021-07-15T18:29:59.000Z","startTime":"2021-07-15T17:30:59.000Z","isDPPNotes":false,"homeworkIds":[{"_id":"60f071214dd310005413ed42","actions":["Open","Download","Print"],"topic":"Ray Optics : Lect Notes","note":"Classnotes","attachmentIds":[{"_id":"60f0711d0106ca005e504abf","name":"Ray optics in 1 shot (Vinaykant sir) Manzil_compressed.pdf","baseUrl":"https://d1qs8w2pzjtoy9.cloudfront.net/","key":"5eb393ee95fab7468a79d189/c2da457b-3a56-464d-85bb-89157bcb9ab1.pdf"}],"batchSubjectId":"60ad14e805e03400186e2cc9"}],"dRoomId":"","isBatchDoubtEnabled":false},{"_id":"60efec46cc12e50074e92ec0","isFree":false,"status":"PENDING","date":"2021-07-15T18:29:59.000Z","startTime":"2021-07-15T07:30:59.000Z","isDPPNotes":false,"homeworkIds":[{"_id":"60efec285eed700011b2684d","actions":["Open","Download","Print"],"topic":"EM Waves : Lect Notes","note":"Classnotes","attachmentIds":[{"_id":"60efec1f6930b7005e1b9f41","name":"EM WAVES (yug sir) Manzil_compressed.pdf","baseUrl":"https://d1qs8w2pzjtoy9.cloudfront.net/","key":"5eb393ee95fab7468a79d189/04b44414-dea8-431c-8a87-fb55ea2d852f.pdf"}],"batchSubjectId":"60ad14e805e03400186e2cc9"}],"dRoomId":"","isBatchDoubtEnabled":false},{"_id":"60ad14e805e03400186e2da3","isFree":false,"status":"PENDING","date":"2021-07-15T00:00:01.000Z","startTime":"2021-07-15T04:30:01.000Z","isDPPNotes":false,"homeworkIds":[{"_id":"60efe29a63947000183daf64","actions":["Open","Download","Print"],"topic":"Alternating Current : Lect Notes","note":"Classnotes","attachmentIds":[{"_id":"60efe287cf74e9001870ed6d","name":"Alternating Current in one shot (Yug sir) Manzil_compressed.pdf","baseUrl":"https://d1qs8w2pzjtoy9.cloudfront.net/","key":"5eb393ee95fab7468a79d189/0229fc32-8e60-4dce-b602-9aea02f440e8.pdf"}],"batchSubjectId":"60ad14e805e03400186e2cc9"}],"dRoomId":"","isBatchDoubtEnabled":false},{"_id":"60ef0f58319f8200112a55a6","isFree":false,"status":"PENDING","date":"2021-07-14T18:29:59.000Z","startTime":"2021-07-14T15:30:59.000Z","isDPPNotes":false,"homeworkIds":[{"_id":"60ef0e9cfd44660018c684f4","actions":["Open","Download","Print"],"topic":"Magnetic Field : Practice Sheet","note":"DPP","attachmentIds":[{"_id":"60ef0e8d2edf7600198deab4","name":"Magnetic Field_Manzil Batch.pdf","baseUrl":"https://d1qs8w2pzjtoy9.cloudfront.net/","key":"5eb393ee95fab7468a79d189/05cf8c2a-ad8a-4047-bed5-9c8f2224ca33.pdf"}],"batchSubjectId":"60ad14e805e03400186e2cc9"}],"dRoomId":"","isBatchDoubtEnabled":false},{"_id":"60ef0f7953d75100182077ea","isFree":false,"status":"PENDING","date":"2021-07-14T18:29:59.000Z","startTime":"2021-07-14T15:30:59.000Z","isDPPNotes":false,"homeworkIds":[{"_id":"60ef0ed2c3bd92004706f484","actions":["Open","Download","Print"],"topic":"Electric Potential and Capacitance : Practice Sheet","note":"DPP","attachmentIds":[{"_id":"60ef0eac32498500126bded5","name":"ELECTRIC POTENTIAL AND CAPACITANCE_Manzil__(Physics) (2).pdf","baseUrl":"https://d1qs8w2pzjtoy9.cloudfront.net/","key":"5eb393ee95fab7468a79d189/9324212b-b263-4d90-b349-719028343eaa.pdf"}],"batchSubjectId":"60ad14e805e03400186e2cc9"}],"dRoomId":"","isBatchDoubtEnabled":false},{"_id":"60ef0f9ba553b80018dd07c7","isFree":false,"status":"PENDING","date":"2021-07-14T18:29:59.000Z","startTime":"2021-07-14T15:30:59.000Z","isDPPNotes":false,"homeworkIds":[{"_id":"60ef0f30f134bf0011aa2246","actions":["Open","Download","Print"],"topic":"Magnetism : Practice Sheet","note":"DPP","attachmentIds":[{"_id":"60f187b84f282c001888be5e","name":"MAGNETISM.pdf","baseUrl":"https://d1qs8w2pzjtoy9.cloudfront.net/","key":"5eb393ee95fab7468a79d189/7d3de3ca-da7f-43f6-ac9e-1bb1c2a4e980.pdf"}],"batchSubjectId":"60ad14e805e03400186e2cc9"}],"dRoomId":"","isBatchDoubtEnabled":false},{"_id":"60ef08d47ae05a0011da18e9","isFree":false,"status":"PENDING","date":"2021-07-14T18:29:59.000Z","startTime":"2021-07-14T14:30:59.000Z","isDPPNotes":false,"homeworkIds":[{"_id":"60ef08b61814da00115366fc","actions":["Open","Download","Print"],"topic":"EMI : Lect Notes","note":"Classnotes","attachmentIds":[{"_id":"60ef08adc5fd730011475b5a","name":"EMI (Yug sir ) Manzil_compressed.pdf","baseUrl":"https://d1qs8w2pzjtoy9.cloudfront.net/","key":"5eb393ee95fab7468a79d189/6e21b473-44fd-4863-8355-a03d03091d51.pdf"}],"batchSubjectId":"60ad14e805e03400186e2cc9"}],"dRoomId":"","isBatchDoubtEnabled":false},{"_id":"60ad14e805e03400186e2d95","isFree":false,"status":"PENDING","date":"2021-07-14T00:00:01.000Z","startTime":"2021-07-14T06:30:01.000Z","isDPPNotes":false,"homeworkIds":[{"_id":"60ee9c3ca43b880018363714","actions":["Open","Download","Print"],"topic":"Magnetism : Lect Notes","note":"Classnotes","attachmentIds":[{"_id":"60ee9c2d240d8a00116490dc","name":"Magnetism in one shot (Vinay bhalla sir) Manzil_compressed.pdf","baseUrl":"https://d1qs8w2pzjtoy9.cloudfront.net/","key":"5eb393ee95fab7468a79d189/8cad31d8-b31f-45a3-af68-0e0727c9f0fc.pdf"}],"batchSubjectId":"60ad14e805e03400186e2cc9"}],"dRoomId":"","isBatchDoubtEnabled":false},{"_id":"60ed95dc4e6ea30011ab1cd3","isFree":false,"status":"PENDING","date":"2021-07-13T18:29:59.000Z","startTime":"2021-07-13T12:30:59.000Z","isDPPNotes":false,"homeworkIds":[{"_id":"60ed95c5fafbd90011010bc6","actions":["Open","Download","Print"],"topic":"Current Electricity : Lect Notes","note":"Classnotes","attachmentIds":[{"_id":"60ed95bbe85103001806062b","name":"1626179957444_1626179951399_current electricity_compressed.pdf","baseUrl":"https://d1qs8w2pzjtoy9.cloudfront.net/","key":"5eb393ee95fab7468a79d189/b44e5b0e-8bcd-4882-9f09-9cf10a9be577.pdf"}],"batchSubjectId":"60ad14e805e03400186e2cc9"}],"dRoomId":"","isBatchDoubtEnabled":false},{"_id":"60edb4ee39886300180b9975","isFree":false,"status":"PENDING","date":"2021-07-13T18:29:59.000Z","startTime":"2021-07-13T10:30:59.000Z","isDPPNotes":false,"homeworkIds":[{"_id":"60edb4b1328d8200181d867e","actions":["Open","Download","Print"],"topic":"Magnetic Effect of Current : Lect Notes","note":"Classnotes","attachmentIds":[{"_id":"60edb4ace3c59e00186e3bc4","name":"Magnetic Effect of current vinaykant sir (1)_compressed.pdf","baseUrl":"https://d1qs8w2pzjtoy9.cloudfront.net/","key":"5eb393ee95fab7468a79d189/a6e270fb-9a1c-42de-a839-14fc310c5cb0.pdf"}],"batchSubjectId":"60ad14e805e03400186e2cc9"}],"dRoomId":"","isBatchDoubtEnabled":false},{"_id":"60ed68f2b4736900188dd4cf","isFree":false,"status":"PENDING","date":"2021-07-13T18:29:59.000Z","startTime":"2021-07-13T09:30:59.000Z","isDPPNotes":false,"homeworkIds":[{"_id":"60ed68d1bc9b5a0011f9c5ce","actions":["Open","Download","Print"],"topic":"Waves and Sound : Practice Sheet","note":"DPP","attachmentIds":[{"_id":"60ed68c9dfe70d0018a75c3c","name":"Sound Waves_Manzil Batch_ (1).pdf","baseUrl":"https://d1qs8w2pzjtoy9.cloudfront.net/","key":"5eb393ee95fab7468a79d189/4e541963-761d-49da-a2f8-73ec68145a82.pdf"}],"batchSubjectId":"60ad14e805e03400186e2cc9"}],"dRoomId":"","isBatchDoubtEnabled":false},{"_id":"60ed6913c7ecb50012df66cd","isFree":false,"status":"PENDING","date":"2021-07-13T18:29:59.000Z","startTime":"2021-07-13T09:30:59.000Z","isDPPNotes":false,"homeworkIds":[{"_id":"60ed68ab094ccc00112ba8c5","actions":["Open","Download","Print"],"topic":"KTG and Thermodynamics : Practice Sheet","note":"DPP","attachmentIds":[{"_id":"60ed68a7c509df00119753ff","name":"KTG and Thermodynamics_Manzil Batch.pdf","baseUrl":"https://d1qs8w2pzjtoy9.cloudfront.net/","key":"5eb393ee95fab7468a79d189/360f3924-d6f2-4937-bc8b-e3f5409f2fe3.pdf"}],"batchSubjectId":"60ad14e805e03400186e2cc9"}],"dRoomId":"","isBatchDoubtEnabled":false},{"_id":"60ad14e805e03400186e2d88","isFree":false,"status":"PENDING","date":"2021-07-13T00:00:01.000Z","startTime":"2021-07-13T04:30:01.000Z","isDPPNotes":false,"homeworkIds":[{"_id":"60ed4c317b52c50012c41800","actions":["Open","Download","Print"],"topic":"SHM : Practice Sheet","note":"DPP","attachmentIds":[{"_id":"60ed4c139afcf70018eab799","name":"SHM_2nd Proof.pdf","baseUrl":"https://d1qs8w2pzjtoy9.cloudfront.net/","key":"5eb393ee95fab7468a79d189/419dee11-c8eb-4032-b0bc-ed179fed54fe.pdf"}],"batchSubjectId":"60ad14e805e03400186e2cc9"}],"dRoomId":"","isBatchDoubtEnabled":false},{"_id":"60f2fc2eab10880061ddcd7f","isFree":false,"status":"PENDING","date":"2021-07-12T18:29:59.000Z","startTime":"2021-07-12T15:30:59.000Z","isDPPNotes":false,"homeworkIds":[{"_id":"60eea0b02e474f0011e93530","actions":["Open","Download","Print"],"topic":"Electrical Potential and Capacitance : Lect Notes","note":"Classnotes","attachmentIds":[{"_id":"60eea0843554a20018d00395","name":"Electric pot and cap.pdf","baseUrl":"https://d1qs8w2pzjtoy9.cloudfront.net/","key":"5eb393ee95fab7468a79d189/ee307626-f355-46c2-a80d-ac98c6e68917.pdf"}],"batchSubjectId":"60ad14e805e03400186e2cc9"}],"dRoomId":"","isBatchDoubtEnabled":false},{"_id":"60ad14e805e03400186e2d7b","isFree":false,"status":"PENDING","date":"2021-07-12T00:00:01.000Z","startTime":"2021-07-12T10:30:01.000Z","isDPPNotes":false,"homeworkIds":[{"_id":"60ec1a5701fd110053678d3e","actions":["Open","Download","Print"],"topic":"Electric Charges and Field : Lect Notes","note":"Classnotes","attachmentIds":[{"_id":"60ec1a55efa5e000865502bf","name":"Electric Charge and Field (Aditya Sir) Manzil_compressed.pdf","baseUrl":"https://d1qs8w2pzjtoy9.cloudfront.net/","key":"5eb393ee95fab7468a79d189/9f813ec1-a666-4072-9736-b665d9057b23.pdf"}],"batchSubjectId":"60ad14e805e03400186e2cc9"}],"dRoomId":"","isBatchDoubtEnabled":false},{"_id":"60eb286dd31ad60011d4fcf3","isFree":false,"status":"PENDING","date":"2021-07-11T18:29:59.000Z","startTime":"2021-07-11T16:30:59.000Z","isDPPNotes":false,"homeworkIds":[{"_id":"60eb284fb283b00011436926","actions":["Open","Download","Print"],"topic":"Thermal Properties : Practice Sheet","note":"DPP","attachmentIds":[{"_id":"60eb2848faeb780011f26d96","name":"THERMAL PROPERTIES( THERMAL EXPANSION ,CALORIMETRY,CONDUCTION,RADIATION).....pdf","baseUrl":"https://d1qs8w2pzjtoy9.cloudfront.net/","key":"5eb393ee95fab7468a79d189/50d33b95-9d8e-4172-ac4e-00581079a47b.pdf"}],"batchSubjectId":"60ad14e805e03400186e2cc9"}],"dRoomId":"","isBatchDoubtEnabled":false},{"_id":"60eac8f62fe4260018d51ba6","isFree":false,"status":"PENDING","date":"2021-07-11T18:29:59.000Z","startTime":"2021-07-11T10:30:59.000Z","isDPPNotes":false,"homeworkIds":[{"_id":"60eac86445f5db00113ed0b0","actions":["Open","Download","Print"],"topic":"Waves and Sound : Lect Notes","note":"Classnotes","attachmentIds":[{"_id":"60eac8566a7dfb001144854c","name":"Waves One Shot (Vinay bhalla Sir) Manzil_removed_compressed.pdf","baseUrl":"https://d1qs8w2pzjtoy9.cloudfront.net/","key":"5eb393ee95fab7468a79d189/025cdc6f-4a04-4479-8395-bd24bc72c1ca.pdf"}],"batchSubjectId":"60ad14e805e03400186e2cc9"}],"dRoomId":"","isBatchDoubtEnabled":false},{"_id":"60ea83f82b252a0011b4b87b","isFree":false,"status":"PENDING","date":"2021-07-11T18:29:59.000Z","startTime":"2021-07-11T05:30:59.000Z","isDPPNotes":false,"homeworkIds":[{"_id":"60ea83ccdf34c90018d07e89","actions":["Open","Download","Print"],"topic":"SHM : Lect Notes","note":"Classnotes","attachmentIds":[{"_id":"60ea83c84c84ac0036038bc3","name":"Shm (1)_compressed.pdf","baseUrl":"https://d1qs8w2pzjtoy9.cloudfront.net/","key":"5eb393ee95fab7468a79d189/baad00fc-b90e-406e-8614-0e5103769fa9.pdf"}],"batchSubjectId":"60ad14e805e03400186e2cc9"}],"dRoomId":"","isBatchDoubtEnabled":false},{"_id":"60ead90c0de8280011479b46","isFree":false,"status":"PENDING","date":"2021-07-11T18:29:59.000Z","startTime":"2021-07-11T04:30:59.000Z","isDPPNotes":false,"homeworkIds":[{"_id":"60e9ae568d00b80018d4aed4","actions":["Open","Download","Print"],"topic":"Thermal Properties of Matter : Lect Notes","note":"Classnotes","attachmentIds":[{"_id":"60e9ae51d664a50019f66ad9","name":"Thermodynamic 1 (Yug Sir) Manzil_compressed.pdf","baseUrl":"https://d1qs8w2pzjtoy9.cloudfront.net/","key":"5eb393ee95fab7468a79d189/86d415d0-42ee-4374-b26e-c1d68617c5db.pdf"}],"batchSubjectId":"60ad14e805e03400186e2cc9"}],"dRoomId":"","isBatchDoubtEnabled":false},{"_id":"60e9ae9440217200115be40c","isFree":false,"status":"PENDING","date":"2021-07-10T18:29:59.000Z","startTime":"2021-07-10T13:30:59.000Z","isDPPNotes":false,"homeworkIds":[{"_id":"60e9ae568d00b80018d4aed4","actions":["Open","Download","Print"],"topic":"Thermal Properties of Matter : Lect Notes","note":"Classnotes","attachmentIds":[{"_id":"60e9ae51d664a50019f66ad9","name":"Thermodynamic 1 (Yug Sir) Manzil_compressed.pdf","baseUrl":"https://d1qs8w2pzjtoy9.cloudfront.net/","key":"5eb393ee95fab7468a79d189/86d415d0-42ee-4374-b26e-c1d68617c5db.pdf"}],"batchSubjectId":"60ad14e805e03400186e2cc9"}],"dRoomId":"","isBatchDoubtEnabled":false},{"_id":"60e9928c40217200115bac0d","isFree":false,"status":"PENDING","date":"2021-07-10T18:29:59.000Z","startTime":"2021-07-10T11:30:59.000Z","isDPPNotes":false,"homeworkIds":[{"_id":"60e9925805d9050018bd3dd8","actions":["Open","Download","Print"],"topic":"Fluid Mechanics : Practice Sheet","note":"DPP","attachmentIds":[{"_id":"60e9925642d54e001899b935","name":"fluids statics , ELASTICITY(1).pdf","baseUrl":"https://d1qs8w2pzjtoy9.cloudfront.net/","key":"5eb393ee95fab7468a79d189/bf35b379-3d2d-4d9f-8b7f-658a44c4599c.pdf"}],"batchSubjectId":"60ad14e805e03400186e2cc9"}],"dRoomId":"","isBatchDoubtEnabled":false},{"_id":"60ad14e805e03400186e2dbc","isFree":false,"status":"PENDING","date":"2021-07-10T00:00:01.000Z","startTime":"2021-07-10T11:30:01.000Z","isDPPNotes":false,"homeworkIds":[{"_id":"60e9848719cdb7007c60ed3d","actions":["Open","Download","Print"],"topic":"Fluid Dynamics and Surface Tension : Practice Sheet","note":"DPP","attachmentIds":[{"_id":"60e9846fb1bd6201b9c08886","name":"Fluids Dynamics and Surface Tension and Viscosity.pdf","baseUrl":"https://d1qs8w2pzjtoy9.cloudfront.net/","key":"5eb393ee95fab7468a79d189/d68796cf-4ca3-43bf-abd7-e6e45995322f.pdf"}],"batchSubjectId":"60ad14e805e03400186e2cc9"}],"dRoomId":"","isBatchDoubtEnabled":false},{"_id":"60ad14e805e03400186e2daf","isFree":false,"status":"PENDING","date":"2021-07-09T00:00:01.000Z","startTime":"2021-07-09T04:30:01.000Z","isDPPNotes":false,"homeworkIds":[{"_id":"60e7f5d35a4b02001138d5a6","actions":["Open","Download","Print"],"topic":"Fluid Dynamics and Surface Tension : Lect Notes","note":"Classnotes","attachmentIds":[{"_id":"60e7f5cfaadc570018240022","name":"Fluid  Dynamics & Surface Tension_compressed.pdf","baseUrl":"https://d1qs8w2pzjtoy9.cloudfront.net/","key":"5eb393ee95fab7468a79d189/3e38fe47-9c87-40d2-8678-faccf1e23c41.pdf"}],"batchSubjectId":"60ad14e805e03400186e2cc9"}],"dRoomId":"","isBatchDoubtEnabled":false},{"_id":"60ad14e805e03400186e2da2","isFree":false,"status":"PENDING","date":"2021-07-08T00:00:01.000Z","startTime":"2021-07-08T04:30:01.000Z","isDPPNotes":false,"homeworkIds":[{"_id":"60e698895e3d9c005a6c25b8","actions":["Open","Download","Print"],"topic":"Fluid Mechanics : Lect Notes","note":"Classnotes","attachmentIds":[{"_id":"60e6985fd1b18a006d9fa577","name":"Fluid Mechanics 01 (Aditya Sir) Manzil_compressed.pdf","baseUrl":"https://d1qs8w2pzjtoy9.cloudfront.net/","key":"5eb393ee95fab7468a79d189/cd72eebb-9802-4c2c-ae95-9a340afe39f7.pdf"}],"batchSubjectId":"60ad14e805e03400186e2cc9"}],"dRoomId":"","isBatchDoubtEnabled":false}]}