{"data":[{"_id":"60f5bdb7a75cca00127e03a2","restrictedSchedule":false,"restrictedTime":0,"urlType":"youtube","tags":[{"_id":"60e69912cafdba001269537f","name":"Manzil Sprint"}],"isFree":false,"isChatEnabled":false,"isCommentDisabled":false,"status":"PENDING","topic":"Communication in One Shot","date":"2021-07-19T18:29:59.000Z","startTime":"2021-07-19T17:30:59.000Z","endTime":"2021-07-19T17:30:59.000Z","timeline":[],"url":"https://www.youtube.com/embed/UB5NTmBOPZA","isDPPVideos":false,"isDoubtEnabled":false,"isPathshala":false,"videoDetails":{"name":"COMMUNICATION SYSTEM in One Shot - Full Chapter Revision | Class 12 | JEE Main","image":"https://i.ytimg.com/vi/UB5NTmBOPZA/mqdefault.jpg","embedCode":"https://www.youtube.com/embed/UB5NTmBOPZA","description":"📑 TOPICS COVERED IN THIS LECTURE - 1 Introduction to Communication Systems 2 Elements of Communication System 3 Basic Terminology Used in Electronic Communication Systems 4 Bandwidth of Signals 5 Ban","duration":"1:51:00","_id":"60f851115646330011ba5093","createdAt":"2021-07-21T16:53:37.629Z"},"dRoomId":"","isBatchDoubtEnabled":false},{"_id":"60f5b0d5a29d0f009b29ad5a","restrictedSchedule":false,"restrictedTime":0,"urlType":"youtube","tags":[{"_id":"60e69912cafdba001269537f","name":"Manzil Sprint"}],"isFree":false,"isChatEnabled":false,"isCommentDisabled":false,"status":"PENDING","topic":"Semiconductors in One Shot","date":"2021-07-19T18:29:59.000Z","startTime":"2021-07-19T15:30:59.000Z","endTime":"2021-07-19T15:30:59.000Z","timeline":[],"url":"https://www.youtube.com/embed/CgWDUjYa940","isDPPVideos":false,"isDoubtEnabled":false,"isPathshala":false,"videoDetails":{"name":"SEMICONDUCTORS in One Shot - Full Chapter Revision | Class 12 | JEE Main","image":"https://i.ytimg.com/vi/CgWDUjYa940/mqdefault.jpg","embedCode":"https://www.youtube.com/embed/CgWDUjYa940","description":"📑 TOPICS COVERED IN THIS LECTURE - 1 Introduction to semiconductors 2 Classification of Metals, Conductors, and Semiconductors 3 Intrinsic Semiconductor 4 Extrinsic Semiconductor 5 p-n Junction 6 Sem","duration":"3:09:33","_id":"60f85094985c740130806c65","createdAt":"2021-07-21T16:51:32.415Z"},"dRoomId":"","isBatchDoubtEnabled":false},{"_id":"60ad14e805e03400186e2d7c","restrictedSchedule":false,"restrictedTime":0,"urlType":"youtube","tags":[{"_id":"60e69912cafdba001269537f","name":"Manzil Sprint"}],"isFree":false,"isChatEnabled":false,"status":"PENDING","date":"2021-07-19T00:00:01.000Z","startTime":"2021-07-19T10:15:01.000Z","endTime":"2021-07-19T10:15:01.000Z","timeline":[],"isCommentDisabled":false,"topic":"Units and Measurements in One Shot","url":"https://www.youtube.com/embed/J_WcUr5uoEw","isDPPVideos":false,"isDoubtEnabled":false,"isPathshala":false,"videoDetails":{"name":"UNITS AND MEASUREMENTS in One Shot - Full Chapter Revision | Class 11 | JEE Main","image":"https://i.ytimg.com/vi/J_WcUr5uoEw/mqdefault.jpg","embedCode":"https://www.youtube.com/embed/J_WcUr5uoEw","description":"📑 TOPICS COVERED IN THIS LECTURE - Introduction to units and measurements The international system of units Measurement of length Measurement of mass Measurement of time Accuracy, precision of instru","duration":"1:57:21","_id":"60f84ff345fe8f00dedfaf18","createdAt":"2021-07-21T16:48:51.199Z"},"dRoomId":"","isBatchDoubtEnabled":false},{"_id":"60f413e5d6508f016e172001","restrictedSchedule":false,"restrictedTime":0,"urlType":"youtube","tags":[{"_id":"60e69912cafdba001269537f","name":"Manzil Sprint"}],"isFree":false,"isChatEnabled":false,"isCommentDisabled":false,"status":"PENDING","topic":"KTG and Thermodynamics in One Shot","date":"2021-07-18T18:29:59.000Z","startTime":"2021-07-18T11:30:59.000Z","endTime":"2021-07-18T11:30:59.000Z","timeline":[],"url":"https://www.youtube.com/embed/PY0A9JshVdk","isDPPVideos":false,"isDoubtEnabled":false,"isPathshala":false,"videoDetails":{"name":"KTG & Thermodynaimcs in One Shot - Full Chapter Revision | Class 11 | JEE Main","image":"https://i.ytimg.com/vi/PY0A9JshVdk/mqdefault.jpg","embedCode":"https://www.youtube.com/embed/PY0A9JshVdk","description":"💥 REGISTER FOR ALL INDIA JEE MAINS MOCK CUM SCHOLARSHIP TEST 👉 https://bit.ly/AIMExamJee  📝 TOPICS COVERED IN THIS LECTURE -  1 Introduction to KTG 2 Molecular nature of matter 3 Behaviour of gases","duration":"2:17:01","_id":"60f84f805646330011ba4e39","createdAt":"2021-07-21T16:46:56.762Z"},"dRoomId":"","isBatchDoubtEnabled":false},{"_id":"60f33c4a8ec51400115a1132","restrictedSchedule":false,"restrictedTime":0,"urlType":"youtube","tags":[{"_id":"60e69912cafdba001269537f","name":"Manzil Sprint"}],"isFree":false,"isChatEnabled":false,"isCommentDisabled":false,"status":"PENDING","topic":"Modern Physics in One Shot","date":"2021-07-18T18:29:59.000Z","startTime":"2021-07-18T03:30:59.000Z","endTime":"2021-07-18T03:30:59.000Z","timeline":[],"url":"https://www.youtube.com/embed/oKE6cwcl7ss","isDPPVideos":false,"isDoubtEnabled":false,"isPathshala":false,"videoDetails":{"name":"MODERN PHYSICS in One Shot - Full Chapter Revision | Class 12 | JEE Main","image":"https://i.ytimg.com/vi/oKE6cwcl7ss/mqdefault.jpg","embedCode":"https://www.youtube.com/embed/oKE6cwcl7ss","description":"💥 REGISTER FOR ALL INDIA JEE MAINS MOCK CUM SCHOLARSHIP TEST 👉 https://bit.ly/AIMExamJee    To download Lecture Notes, Practice Sheet & Practice Sheet Video Solution, Visit MANZIL Batch in Batch Sec","duration":"5:03:41","_id":"60f84f2a45fe8f00dedfacf0","createdAt":"2021-07-21T16:45:30.511Z"},"dRoomId":"","isBatchDoubtEnabled":false},{"_id":"60ad14e805e03400186e2dbd","restrictedSchedule":false,"restrictedTime":0,"urlType":"youtube","tags":[{"_id":"60e69912cafdba001269537f","name":"Manzil Sprint"}],"isFree":false,"isChatEnabled":false,"status":"PENDING","date":"2021-07-17T00:00:01.000Z","startTime":"2021-07-17T07:30:01.000Z","endTime":"2021-07-17T07:30:01.000Z","timeline":[],"isCommentDisabled":false,"topic":"Gravitation in One Shot","url":"https://www.youtube.com/embed/ezj7WyodDmQ","isDPPVideos":false,"isDoubtEnabled":false,"isPathshala":false,"videoDetails":{"name":"GRAVITATION in One Shot - Full Chapter Revision | Class 11 | JEE Main","image":"https://i.ytimg.com/vi/ezj7WyodDmQ/mqdefault.jpg","embedCode":"https://www.youtube.com/embed/ezj7WyodDmQ","description":"💥 REGISTER FOR ALL INDIA JEE MAINS MOCK CUM SCHOLARSHIP TEST 👉 https://bit.ly/AIMExamJee    To download Lecture Notes, Practice Sheet & Practice Sheet Video Solution, Visit MANZIL Batch in Batch Sec","duration":"1:51:30","_id":"60f42849f699ba01c4dde667","createdAt":"2021-07-18T13:10:33.272Z"},"dRoomId":"","isBatchDoubtEnabled":false},{"_id":"60ad14e805e03400186e2db0","restrictedSchedule":false,"restrictedTime":0,"urlType":"youtube","tags":[{"_id":"60e69912cafdba001269537f","name":"Manzil Sprint"}],"isFree":false,"isChatEnabled":false,"status":"PENDING","date":"2021-07-16T00:00:01.000Z","startTime":"2021-07-16T07:30:01.000Z","endTime":"2021-07-16T07:30:01.000Z","timeline":[],"isCommentDisabled":false,"topic":"Wave Optics in One Shot","url":"https://www.youtube.com/embed/NbhTeZJugiw","isDPPVideos":false,"isDoubtEnabled":false,"isPathshala":false,"videoDetails":{"name":"WAVE OPTICS in One Shot - Full Chapter Revision | Class 12 | JEE Main","image":"https://i.ytimg.com/vi/NbhTeZJugiw/mqdefault.jpg","embedCode":"https://www.youtube.com/embed/NbhTeZJugiw","description":"💥 REGISTER FOR ALL INDIA JEE MAINS MOCK CUM SCHOLARSHIP TEST 👉 https://bit.ly/AIMExamJee    To download Lecture Notes, Practice Sheet & Practice Sheet Video Solution, Visit MANZIL Batch in Batch Sec","duration":"1:55:00","_id":"60f28909e79378001885d0f8","createdAt":"2021-07-17T07:38:49.814Z"},"dRoomId":"","isBatchDoubtEnabled":false},{"_id":"60f0713affd7050094b248ac","restrictedSchedule":false,"restrictedTime":0,"urlType":"youtube","tags":[{"_id":"60e69912cafdba001269537f","name":"Manzil Sprint"}],"isFree":false,"isChatEnabled":false,"isCommentDisabled":false,"status":"PENDING","topic":"Ray Optics in One Shot","date":"2021-07-15T18:29:59.000Z","startTime":"2021-07-15T17:30:59.000Z","endTime":"2021-07-15T17:30:59.000Z","timeline":[],"url":"https://www.youtube.com/embed/vy8JuPrDEbc","isDPPVideos":false,"isDoubtEnabled":false,"isPathshala":false,"videoDetails":{"name":"RAY OPTICS in One Shot - Full Chapter Revision | Class 12 | JEE Main","image":"https://i.ytimg.com/vi/vy8JuPrDEbc/mqdefault.jpg","embedCode":"https://www.youtube.com/embed/vy8JuPrDEbc","description":"💥 REGISTER FOR ALL INDIA JEE MAINS MOCK CUM SCHOLARSHIP TEST 👉 https://bit.ly/AIMExamJee    To download Lecture Notes, Practice Sheet & Practice Sheet Video Solution, Visit MANZIL Batch in Batch Sec","duration":"3:55:36","_id":"60f1839b1ce5a80018b40dd1","createdAt":"2021-07-16T13:03:23.223Z"},"dRoomId":"","isBatchDoubtEnabled":false},{"_id":"60ad14e805e03400186e2da3","restrictedSchedule":false,"restrictedTime":0,"urlType":"youtube","tags":[{"_id":"60e69912cafdba001269537f","name":"Manzil Sprint"}],"isFree":false,"isChatEnabled":false,"status":"PENDING","date":"2021-07-15T00:00:01.000Z","startTime":"2021-07-15T04:30:01.000Z","endTime":"2021-07-15T04:30:01.000Z","timeline":[],"isCommentDisabled":false,"topic":"Alternating Current in One Shot","url":"https://www.youtube.com/embed/-F6Nrc3vWGw","isDPPVideos":false,"isDoubtEnabled":false,"isPathshala":false,"videoDetails":{"name":"ALTERNATING CURRENT in One Shot - Full Chapter Revision | Class 12 | JEE Main","image":"https://i.ytimg.com/vi/-F6Nrc3vWGw/mqdefault.jpg","embedCode":"https://www.youtube.com/embed/-F6Nrc3vWGw","description":"💥 REGISTER FOR ALL INDIA JEE MAINS MOCK CUM SCHOLARSHIP TEST 👉 https://bit.ly/AIMExamJee    To download Lecture Notes, Practice Sheet & Practice Sheet Video Solution, Visit MANZIL Batch in Batch Sec","duration":"1:18:45","_id":"60f18340e5b770003bf7a8ff","createdAt":"2021-07-16T13:01:52.899Z"},"dRoomId":"","isBatchDoubtEnabled":false},{"_id":"60ef08d47ae05a0011da18e9","restrictedSchedule":false,"restrictedTime":0,"urlType":"youtube","tags":[{"_id":"60e69912cafdba001269537f","name":"Manzil Sprint"}],"isFree":false,"isChatEnabled":false,"isCommentDisabled":false,"status":"PENDING","topic":"EMI in One Shot","date":"2021-07-14T18:29:59.000Z","startTime":"2021-07-14T14:30:59.000Z","endTime":"2021-07-14T14:30:59.000Z","timeline":[],"url":"https://www.youtube.com/embed/u-OmXRe0CuU","isDPPVideos":false,"isDoubtEnabled":false,"isPathshala":false,"videoDetails":{"name":"ELECTROMAGNETIC INDUCTION in One Shot - Full Chapter Revision | Class 12 | JEE Main","image":"https://i.ytimg.com/vi/u-OmXRe0CuU/mqdefault.jpg","embedCode":"https://www.youtube.com/embed/u-OmXRe0CuU","description":"💥 REGISTER FOR ALL INDIA JEE MAINS MOCK CUM SCHOLARSHIP TEST 👉 https://bit.ly/AIMExamJee    To download Lecture Notes, Practice Sheet & Practice Sheet Video Solution, Visit MANZIL Batch in Batch Sec","duration":"2:09:10","_id":"60f182cf4ebf06001892270e","createdAt":"2021-07-16T12:59:59.710Z"},"dRoomId":"","isBatchDoubtEnabled":false},{"_id":"60ad14e805e03400186e2d95","restrictedSchedule":false,"restrictedTime":0,"urlType":"youtube","tags":[{"_id":"60e69912cafdba001269537f","name":"Manzil Sprint"}],"isFree":false,"isChatEnabled":false,"status":"PENDING","date":"2021-07-14T00:00:01.000Z","startTime":"2021-07-14T06:30:01.000Z","endTime":"2021-07-14T06:30:01.000Z","timeline":[],"isCommentDisabled":false,"topic":"Magnetism in One Shot","url":"https://www.youtube.com/embed/9sUxI_QjyT8","isDPPVideos":false,"isDoubtEnabled":false,"isPathshala":false,"videoDetails":{"name":"MAGNETISM in One Shot - Full Chapter Revision | Class 12 | JEE Main","image":"https://i.ytimg.com/vi/9sUxI_QjyT8/mqdefault.jpg","embedCode":"https://www.youtube.com/embed/9sUxI_QjyT8","description":"💥 REGISTER FOR ALL INDIA JEE MAINS MOCK CUM SCHOLARSHIP TEST 👉 https://bit.ly/AIMExamJee    To download Lecture Notes, Practice Sheet & Practice Sheet Video Solution, Visit MANZIL Batch in Batch Sec","duration":"1:51:25","_id":"60f856851a71980077412a66","createdAt":"2021-07-21T17:16:53.835Z"},"dRoomId":"","isBatchDoubtEnabled":false},{"_id":"60eea0f1f1d9bc001134b66b","restrictedSchedule":false,"restrictedTime":0,"urlType":"youtube","tags":[{"_id":"60e69912cafdba001269537f","name":"Manzil Sprint"}],"isFree":false,"isChatEnabled":false,"isCommentDisabled":false,"status":"PENDING","topic":"Electrical Potential and Capacitance in One Shot","date":"2021-07-14T18:29:59.000Z","startTime":"2021-07-14T04:30:00.000Z","endTime":"2021-07-14T04:30:00.000Z","url":"https://www.youtube.com/embed/4pDDrJTrCHg","timeline":[],"isDPPVideos":false,"isDoubtEnabled":false,"isPathshala":false,"videoDetails":{"name":"ELECTRIC POTENTIAL & CAPACITANCE in One Shot - Full Chapter Revision | Class 11 | JEE Main","image":"https://i.ytimg.com/vi/4pDDrJTrCHg/mqdefault.jpg","embedCode":"https://www.youtube.com/embed/4pDDrJTrCHg","description":"💥 REGISTER FOR ALL INDIA JEE MAINS MOCK CUM SCHOLARSHIP TEST 👉 https://bit.ly/AIMExamJee    To download Lecture Notes, Practice Sheet & Practice Sheet Video Solution, Visit MANZIL Batch in Batch Sec","duration":"1:57:58","_id":"60eea0f5f8d4ad0018a6c2e9","createdAt":"2021-07-14T08:31:49.390Z"},"dRoomId":"","isBatchDoubtEnabled":false},{"_id":"60ed95dc4e6ea30011ab1cd3","restrictedSchedule":false,"restrictedTime":0,"urlType":"youtube","tags":[{"_id":"60e69912cafdba001269537f","name":"Manzil Sprint"}],"isFree":false,"isChatEnabled":false,"isCommentDisabled":false,"status":"PENDING","topic":"Current Electricity in One Shot","date":"2021-07-13T18:29:59.000Z","startTime":"2021-07-13T12:30:59.000Z","endTime":"2021-07-13T12:30:59.000Z","timeline":[],"url":"https://www.youtube.com/embed/g3rG5gPeq2A","isDPPVideos":false,"isDoubtEnabled":false,"isPathshala":false,"videoDetails":{"name":"CURRENT ELECTRICITY in One Shot - Full Chapter Revision | Class 12 | JEE Main","image":"https://i.ytimg.com/vi/g3rG5gPeq2A/mqdefault.jpg","embedCode":"https://www.youtube.com/embed/g3rG5gPeq2A","description":"💥 REGISTER FOR ALL INDIA JEE MAINS MOCK CUM SCHOLARSHIP TEST 👉 https://bit.ly/AIMExamJee    To download Lecture Notes, Practice Sheet & Practice Sheet Video Solution, Visit MANZIL Batch in Batch Sec","duration":"2:08:56","_id":"60ee9b2e6e5be30018818940","createdAt":"2021-07-14T08:07:10.626Z"},"dRoomId":"","isBatchDoubtEnabled":false},{"_id":"60edb4ee39886300180b9975","restrictedSchedule":false,"restrictedTime":0,"urlType":"youtube","tags":[{"_id":"60e69912cafdba001269537f","name":"Manzil Sprint"}],"isFree":false,"isChatEnabled":false,"isCommentDisabled":false,"status":"PENDING","topic":"Magnetic Effect of Current in Shot","date":"2021-07-13T18:29:59.000Z","startTime":"2021-07-13T10:30:59.000Z","endTime":"2021-07-13T10:30:59.000Z","timeline":[],"url":"https://www.youtube.com/embed/vDJS8YIeOjs","isDPPVideos":false,"isDoubtEnabled":false,"isPathshala":false,"videoDetails":{"name":"MAGNETIC FIELD in One Shot - Full Chapter Revision | Class 12 | JEE Main","image":"https://i.ytimg.com/vi/vDJS8YIeOjs/mqdefault.jpg","embedCode":"https://www.youtube.com/embed/vDJS8YIeOjs","description":"💥 REGISTER FOR ALL INDIA JEE MAINS MOCK CUM SCHOLARSHIP TEST 👉 https://bit.ly/AIMExamJee    To download Lecture Notes, Practice Sheet & Practice Sheet Video Solution, Visit MANZIL Batch in Batch Sec","duration":"1:49:08","_id":"60ee9ab9abc59500116c12d2","createdAt":"2021-07-14T08:05:13.387Z"},"dRoomId":"","isBatchDoubtEnabled":false},{"_id":"60ad14e805e03400186e2d7b","restrictedSchedule":false,"restrictedTime":0,"urlType":"youtube","tags":[{"_id":"60e69912cafdba001269537f","name":"Manzil Sprint"}],"isFree":false,"isChatEnabled":false,"status":"PENDING","date":"2021-07-12T00:00:01.000Z","startTime":"2021-07-12T10:30:01.000Z","endTime":"2021-07-12T10:30:01.000Z","timeline":[],"isCommentDisabled":false,"topic":"Electric Charges and Field : Lect Notes (PDF Only)","url":"https://www.youtube.com/embed/fOVS_PI4thY","isDPPVideos":false,"isDoubtEnabled":false,"isPathshala":false,"videoDetails":{"name":"ELECTRIC CHARGES AND FIELDS in One Shot - Full Chapter Revision | Class 12 | JEE Main","image":"https://i.ytimg.com/vi/fOVS_PI4thY/mqdefault.jpg","embedCode":"https://www.youtube.com/embed/fOVS_PI4thY","description":"💥 REGISTER FOR ALL INDIA JEE MAINS MOCK CUM SCHOLARSHIP TEST 👉 https://bit.ly/AIMExamJee    To download Lecture Notes, Practice Sheet & Practice Sheet Video Solution, Visit MANZIL Batch in Batch Sec","duration":"2:06:20","_id":"60ee8e2f337e420019ebd58a","createdAt":"2021-07-14T07:11:43.861Z"},"dRoomId":"","isBatchDoubtEnabled":false},{"_id":"60eac8f62fe4260018d51ba6","restrictedSchedule":false,"restrictedTime":0,"urlType":"youtube","tags":[{"_id":"60e69912cafdba001269537f","name":"Manzil Sprint"}],"isFree":false,"isChatEnabled":false,"isCommentDisabled":false,"status":"PENDING","topic":"Waves and Sound in One Shot","date":"2021-07-11T18:29:59.000Z","startTime":"2021-07-11T10:30:59.000Z","endTime":"2021-07-11T10:30:59.000Z","timeline":[],"url":"https://www.youtube.com/embed/Mp4SrAn2ygs","isDPPVideos":false,"isDoubtEnabled":false,"isPathshala":false,"videoDetails":{"name":"WAVES & SOUNDS in One Shot - Full Chapter Revision | Class 11 | JEE Mains","image":"https://i.ytimg.com/vi/Mp4SrAn2ygs/mqdefault.jpg","embedCode":"https://www.youtube.com/embed/Mp4SrAn2ygs","description":"💥 REGISTER FOR ALL INDIA JEE MAINS MOCK CUM SCHOLARSHIP TEST 👉 https://bit.ly/AIMExamJee    To download Lecture Notes, Practice Sheet & Practice Sheet Video Solution, Visit MANZIL Batch in Batch Sec","duration":"1:50:12","_id":"60ee8e0136a0c60018b06da2","createdAt":"2021-07-14T07:10:57.196Z"},"dRoomId":"","isBatchDoubtEnabled":false},{"_id":"60ea83f82b252a0011b4b87b","restrictedSchedule":false,"restrictedTime":0,"urlType":"youtube","tags":[{"_id":"60e69912cafdba001269537f","name":"Manzil Sprint"}],"isFree":false,"isChatEnabled":false,"isCommentDisabled":false,"status":"PENDING","topic":"SHM in One Shot","date":"2021-07-11T18:29:59.000Z","startTime":"2021-07-11T05:30:59.000Z","endTime":"2021-07-11T05:30:59.000Z","timeline":[],"url":"https://www.youtube.com/embed/UI3X4FusCCo","isDPPVideos":false,"isDoubtEnabled":false,"isPathshala":false,"videoDetails":{"name":"SIMPLE HARMONIC MOTION in One Shot - Full Chapter Revision | Class 11 | JEE Main","image":"https://i.ytimg.com/vi/UI3X4FusCCo/mqdefault.jpg","embedCode":"https://www.youtube.com/embed/UI3X4FusCCo","description":"💥 REGISTER FOR ALL INDIA JEE MAINS MOCK CUM SCHOLARSHIP TEST 👉 https://bit.ly/AIMExamJee    To download Lecture Notes, Practice Sheet & Practice Sheet Video Solution, Visit MANZIL Batch in Batch Sec","duration":"2:02:07","_id":"60ee8d906cac0100114e1008","createdAt":"2021-07-14T07:09:04.417Z"},"dRoomId":"","isBatchDoubtEnabled":false},{"_id":"60ead90c0de8280011479b46","restrictedSchedule":false,"restrictedTime":0,"urlType":"youtube","tags":[{"_id":"60e69912cafdba001269537f","name":"Manzil Sprint"}],"isFree":false,"isChatEnabled":false,"isCommentDisabled":false,"status":"PENDING","topic":"Thermal Properties of Matter Part-02","date":"2021-07-11T18:29:59.000Z","startTime":"2021-07-11T04:30:59.000Z","endTime":"2021-07-11T04:30:59.000Z","url":"https://www.youtube.com/embed/ql9SXXGNCWI","timeline":[],"isDPPVideos":false,"isDoubtEnabled":false,"isPathshala":false,"videoDetails":{"name":"THERMAL PROPERTIES OF MATTER in One Shot (Part 2) - Full Chapter Revision | Class 11 | JEE Main","image":"https://i.ytimg.com/vi/ql9SXXGNCWI/mqdefault.jpg","embedCode":"https://www.youtube.com/embed/ql9SXXGNCWI","description":"To download Lecture Notes, Practice Sheet & Practice Sheet Video Solution, Visit MANZIL Batch in Batch Section of PW App(http://bit.ly/3ru9Agh).  📝 Note: This Batch is Completely FREE, You just have ","duration":"1:46:18","_id":"60ead92a91aae000117dec3f","createdAt":"2021-07-11T11:42:34.313Z"},"dRoomId":"","isBatchDoubtEnabled":false},{"_id":"60e9ae9440217200115be40c","restrictedSchedule":false,"restrictedTime":0,"urlType":"youtube","tags":[{"_id":"60e69912cafdba001269537f","name":"Manzil Sprint"}],"isFree":false,"isChatEnabled":false,"isCommentDisabled":false,"status":"PENDING","topic":"Thermal Properties of Matter Part-01","date":"2021-07-10T18:29:59.000Z","startTime":"2021-07-10T13:30:59.000Z","endTime":"2021-07-10T13:30:59.000Z","timeline":[],"url":"https://www.youtube.com/embed/ccd6QDHVcCo","isDPPVideos":false,"isDoubtEnabled":false,"isPathshala":false,"videoDetails":{"name":"THERMAL PROPERTIES OF MATTER in One Shot (Part 1) - Full Chapter Revision | Class 11 | JEE Main","image":"https://i.ytimg.com/vi/ccd6QDHVcCo/mqdefault.jpg","embedCode":"https://www.youtube.com/embed/ccd6QDHVcCo","description":"To download Lecture Notes, Practice Sheet & Practice Sheet Video Solution, Visit MANZIL Batch in Batch Section of PW App(http://bit.ly/3ru9Agh).  📝 Note: This Batch is Completely FREE, You just have ","duration":"1:36:22","_id":"60ead8b4cb430c004dccf93f","createdAt":"2021-07-11T11:40:36.749Z"},"dRoomId":"","isBatchDoubtEnabled":false},{"_id":"60ad14e805e03400186e2daf","restrictedSchedule":false,"restrictedTime":0,"urlType":"youtube","tags":[{"_id":"60e69912cafdba001269537f","name":"Manzil Sprint"}],"isFree":false,"isChatEnabled":false,"status":"PENDING","date":"2021-07-09T00:00:01.000Z","startTime":"2021-07-09T04:30:01.000Z","endTime":"2021-07-09T04:30:01.000Z","timeline":[],"isCommentDisabled":false,"topic":"Fluid Dynamics and Surface Tension","url":"https://www.youtube.com/embed/R--fcJ5nafA","isDPPVideos":false,"isDoubtEnabled":false,"isPathshala":false,"videoDetails":{"name":"Fluid Mechanics in One Shot - Full Chapter Revision (Part 2) - Class 11 | JEE Main","image":"https://i.ytimg.com/vi/R--fcJ5nafA/mqdefault.jpg","embedCode":"https://www.youtube.com/embed/R--fcJ5nafA","description":"Part 1 - https://youtu.be/8fmAODpXMeE  To download Lecture Notes, Practice Sheet & Practice Sheet Video Solution, Visit MANZIL Batch in Batch Section of PW App(http://bit.ly/3ru9Agh).  📝 Note: This B","duration":"2:01:26","_id":"60ead7f637b95e004d148960","createdAt":"2021-07-11T11:37:26.822Z"},"dRoomId":"","isBatchDoubtEnabled":false},{"_id":"60ad14e805e03400186e2da2","restrictedSchedule":false,"restrictedTime":0,"urlType":"youtube","tags":[{"_id":"60e69912cafdba001269537f","name":"Manzil Sprint"}],"isFree":false,"isChatEnabled":false,"status":"PENDING","date":"2021-07-08T00:00:01.000Z","startTime":"2021-07-08T04:30:01.000Z","endTime":"2021-07-08T04:30:01.000Z","timeline":[],"isCommentDisabled":false,"topic":"Fluid Mechanics (Part 1)","url":"https://www.youtube.com/embed/8fmAODpXMeE","isDPPVideos":false,"isDoubtEnabled":false,"isPathshala":false,"videoDetails":{"name":"FLUID MECHANICS in One Shot - Full Chapter Revision (Part 1) | Class 11 | JEE Main","image":"https://i.ytimg.com/vi/8fmAODpXMeE/mqdefault.jpg","embedCode":"https://www.youtube.com/embed/8fmAODpXMeE","description":"To download Lecture Notes, Practice Sheet & Practice Sheet Video Solution, Visit MANZIL Batch in Batch Section of PW App(http://bit.ly/3ru9Agh).  📝 Note: This Batch is Completely FREE, You just have ","duration":"1:55:27","_id":"60ead7aacbe5fa0011f886db","createdAt":"2021-07-11T11:36:10.979Z"},"dRoomId":"","isBatchDoubtEnabled":false}]}