{"data":[{"_id":"60ad14e805e03400186e2cf5","isFree":false,"status":"PENDING","date":"2021-06-16T00:00:01.000Z","startTime":"2021-06-16T07:30:01.000Z","isDPPNotes":false,"homeworkIds":[{"_id":"60c9aa3b5c219600118be2e9","actions":["Open","Download","Print"],"topic":"Gaseous State and Liquid State : Practice Sheet Solution","note":"NOTES","attachmentIds":[{"_id":"60c9aa27e5328d00119edecb","name":"Gaseous & Liquid State (PPT) (Manzil Batch).pdf","baseUrl":"https://d1qs8w2pzjtoy9.cloudfront.net/","key":"5eb393ee95fab7468a79d189/5d2fea28-f4b2-4b45-b974-d0bead1ab8a3.pdf"}],"batchSubjectId":"60ad14e805e03400186e2cd0"}],"dRoomId":"","isBatchDoubtEnabled":false},{"_id":"60ad14e805e03400186e2cdb","isFree":false,"status":"PENDING","date":"2021-06-14T00:00:01.000Z","startTime":"2021-06-14T04:30:01.000Z","isDPPNotes":false,"homeworkIds":[{"_id":"60c6de47e9fe50416ddcb30b","actions":["Open","Download","Print"],"topic":"Gaseous State and Liquid State : Lect Notes","note":"Classnotes","attachmentIds":[{"_id":"60c6de452a5d1c0011b2b06e","name":"Gaseous State In one Shot (Pankaj Sir)_compressed-compressed.pdf","baseUrl":"https://d1qs8w2pzjtoy9.cloudfront.net/","key":"5eb393ee95fab7468a79d189/fe0ca98e-1721-4fa5-b581-b4e559b901c2.pdf"}],"batchSubjectId":"60ad14e805e03400186e2cd0"},{"_id":"60c6dd7c29b9415055e16c5e","actions":["Open","Download","Print"],"topic":"Gaseous State and Liquid State : Practice Sheet","note":"DPP","attachmentIds":[{"_id":"60c6dd77182d31596338f01f","name":"Gaseous & Liquid State DPP-Manzil (1).pdf","baseUrl":"https://d1qs8w2pzjtoy9.cloudfront.net/","key":"5eb393ee95fab7468a79d189/352c9fe9-9901-4212-8214-e457825a4257.pdf"}],"batchSubjectId":"60ad14e805e03400186e2cd0"}],"dRoomId":"","isBatchDoubtEnabled":false}]}