{"data":[{"_id":"60ad14e805e03400186e2cf5","restrictedSchedule":false,"restrictedTime":0,"urlType":"youtube","tags":[{"_id":"60c6dea4189da10011f5de50","name":"Gaseous State and Liquid State"}],"isFree":false,"isChatEnabled":false,"status":"PENDING","date":"2021-06-16T00:00:01.000Z","startTime":"2021-06-16T07:30:01.000Z","endTime":"2021-06-16T07:30:01.000Z","timeline":[],"isCommentDisabled":false,"topic":"Gaseous State and Liquid State : Solution to Practice Sheet","url":"https://www.youtube.com/embed/I-joze7ZxuA","isDPPVideos":false,"isDoubtEnabled":false,"isPathshala":false,"videoDetails":{"name":"Gaseous State and Liquid State : Solution to Practice Sheet","image":"https://i.ytimg.com/vi/I-joze7ZxuA/mqdefault.jpg","embedCode":"https://www.youtube.com/embed/I-joze7ZxuA","description":"","duration":"1:23:49","_id":"60c9b63b62d632001f50b0bc","createdAt":"2021-06-16T08:28:43.448Z"},"dRoomId":"","isBatchDoubtEnabled":false},{"_id":"60ad14e805e03400186e2cdb","restrictedSchedule":false,"restrictedTime":0,"urlType":"youtube","tags":[{"_id":"60c6dea4189da10011f5de50","name":"Gaseous State and Liquid State"}],"isFree":false,"isChatEnabled":false,"status":"PENDING","date":"2021-06-14T00:00:01.000Z","startTime":"2021-06-14T04:30:01.000Z","endTime":"2021-06-14T04:30:01.000Z","timeline":[],"isCommentDisabled":false,"topic":"Gaseous State and Liquid State","url":"https://www.youtube.com/embed/Ng6Y1HOxRDY","isDPPVideos":false,"isDoubtEnabled":false,"isPathshala":false,"videoDetails":{"name":"GASEOUS STATE in 1 Shot - All Concepts, Tricks & PYQs Covered | Class 11 | JEE Main & Advanced","image":"https://i.ytimg.com/vi/Ng6Y1HOxRDY/mqdefault.jpg","embedCode":"https://www.youtube.com/embed/Ng6Y1HOxRDY","description":"TIMESTAMPS ⌚  0:00 Introduction 1:41 Gaseous State 2:56 Boyle's Law 12:14 Graphs Boyle's Law 17:20 Charle's Law 23:56 Graphs Charle's Law 30:00 GayLussac's Law 35:27 Ideal Gas Equation 48:16 Types of ","duration":"7:38:01","_id":"60cdc6d579c17900114401e7","createdAt":"2021-06-19T10:28:37.502Z"},"dRoomId":"","isBatchDoubtEnabled":false}]}