{"data":[{"_id":"60ad14e805e03400186e2d12","isFree":false,"status":"PENDING","date":"2021-07-02T00:00:01.000Z","startTime":"2021-07-02T04:30:01.000Z","isDPPNotes":false,"homeworkIds":[{"_id":"60deb126cfcbb2001854bee8","actions":["Open","Download","Print"],"topic":"GOC : Solution to Practice Sheet (Part 1)","note":"Classnotes","attachmentIds":[{"_id":"60deb11eee8f280018ba1380","name":"GOC-1_Assignment_PPT_Manzil Batch_(Chemistry)_1.pdf","baseUrl":"https://d1qs8w2pzjtoy9.cloudfront.net/","key":"5eb393ee95fab7468a79d189/7f2adc57-f353-418f-962f-bdd6f8f6a0e0.pdf"}],"batchSubjectId":"60ad14e805e03400186e2cd0"}],"dRoomId":"","isBatchDoubtEnabled":false},{"_id":"60ad14e805e03400186e2cdd","isFree":false,"status":"PENDING","date":"2021-06-28T00:00:01.000Z","startTime":"2021-06-28T13:30:01.000Z","isDPPNotes":false,"homeworkIds":[{"_id":"60da0b26573b540011ffa0fe","actions":["Open","Download","Print"],"topic":"General Organic Chemistry:Part 01 lect notes","note":"NOTES","attachmentIds":[{"_id":"60da0b2439102f001245fc49","name":"gocpart1.pdf","baseUrl":"https://d1qs8w2pzjtoy9.cloudfront.net/","key":"5eb393ee95fab7468a79d189/3a338320-ddcd-45ca-895d-f77699f569e8.pdf"}],"batchSubjectId":"60ad14e805e03400186e2cd0"},{"_id":"60d9fad407c44c12c6ec6993","actions":["Open","Download","Print"],"topic":"General Organic Chemistry : Practice Sheet Updated","note":"DPP","attachmentIds":[{"_id":"60dd61f3d122550011185961","name":"GOC-1_Assignment_(Chemistry)_Manzil batch (1).pdf","baseUrl":"https://d1qs8w2pzjtoy9.cloudfront.net/","key":"5eb393ee95fab7468a79d189/9350642a-9d97-466b-bdf5-1a1348291857.pdf"}],"batchSubjectId":"60ad14e805e03400186e2cd0"}],"dRoomId":"","isBatchDoubtEnabled":false}]}