{"data":[{"_id":"60ad14e805e03400186e2d12","restrictedSchedule":false,"restrictedTime":0,"urlType":"youtube","tags":[{"_id":"60d9fb1e2c9fef001f773d2c","name":"GOC"}],"isFree":false,"isChatEnabled":false,"status":"PENDING","date":"2021-07-02T00:00:01.000Z","startTime":"2021-07-02T04:30:01.000Z","endTime":"2021-07-02T05:30:01.000Z","timeline":[],"isCommentDisabled":false,"topic":"GOC : Solution to Practice Sheet (Part 1)","url":"https://www.youtube.com/embed/pRInKj4qHgs","isDPPVideos":false,"isDoubtEnabled":false,"isPathshala":false,"videoDetails":{"name":"GOC : Solution to Practice Sheet (Part 1)","image":"https://i.ytimg.com/vi/pRInKj4qHgs/mqdefault.jpg","embedCode":"https://www.youtube.com/embed/pRInKj4qHgs","description":"","duration":"1:23:13","_id":"60deb16c5f789e00190e12da","createdAt":"2021-07-02T06:25:48.948Z"},"dRoomId":"","isBatchDoubtEnabled":false},{"_id":"60ad14e805e03400186e2cdd","restrictedSchedule":false,"restrictedTime":0,"urlType":"youtube","tags":[{"_id":"60d9fb1e2c9fef001f773d2c","name":"GOC"}],"isFree":false,"isChatEnabled":false,"status":"PENDING","date":"2021-06-28T00:00:01.000Z","startTime":"2021-06-28T13:30:01.000Z","endTime":"2021-06-28T14:30:01.000Z","timeline":[],"isCommentDisabled":false,"topic":"GOC in One Shot Part 01","url":"https://www.youtube.com/embed/wOts07kACXg","isDPPVideos":false,"isDoubtEnabled":false,"isPathshala":false,"videoDetails":{"name":"GENERAL ORGANIC CHEMISTRY in One Shot (Part 1) - All Concepts, PYQs | Class 11 | JEE Main & Advanced","image":"https://i.ytimg.com/vi/wOts07kACXg/mqdefault.jpg","embedCode":"https://www.youtube.com/embed/wOts07kACXg","description":"To download Lecture Notes, Practice Sheet & Practice Sheet Video Solution, Visit MANZIL Batch in Batch Section of PW App(http://bit.ly/3ru9Agh).  📝 Note: This Batch is Completely FREE, You just have ","duration":"4:01:05","_id":"60dd62ca9a122c00785f263a","createdAt":"2021-07-01T06:38:02.118Z"},"dRoomId":"","isBatchDoubtEnabled":false}]}