{"data":[{"_id":"60ad14e805e03400186e2db8","restrictedSchedule":false,"restrictedTime":0,"urlType":"youtube","tags":[{"_id":"60c37ba2f3a7741f9e65d64e","name":"Friction"}],"isFree":false,"isChatEnabled":false,"status":"PENDING","date":"2021-06-12T00:00:01.000Z","startTime":"2021-06-12T09:30:01.000Z","endTime":"2021-06-12T17:30:01.000Z","timeline":[],"isCommentDisabled":false,"topic":"Friction, Pseudo force and Circular Motion : Solution to Practice Sheet","url":"https://www.youtube.com/embed/CrCWAbULp_o","isDPPVideos":false,"isDoubtEnabled":false,"isPathshala":false,"videoDetails":{"name":"Friction DPP 1 MANZIL","image":"https://i.ytimg.com/vi/CrCWAbULp_o/mqdefault.jpg","embedCode":"https://www.youtube.com/embed/CrCWAbULp_o","description":"","duration":"1:58:20","_id":"60c4882e47014c769f431506","createdAt":"2021-06-12T10:10:54.415Z"},"dRoomId":"","isBatchDoubtEnabled":false},{"_id":"60ad14e805e03400186e2dab","restrictedSchedule":false,"restrictedTime":0,"urlType":"youtube","tags":[{"_id":"60c37ba2f3a7741f9e65d64e","name":"Friction"}],"isFree":false,"isChatEnabled":false,"status":"PENDING","date":"2021-06-11T00:00:01.000Z","startTime":"2021-06-11T14:30:01.000Z","endTime":"2021-06-11T14:30:01.000Z","timeline":[],"isCommentDisabled":false,"topic":"Friction and Pseudo force in 1 Shot","url":"https://www.youtube.com/embed/RtHMBbRB_Gc","isDPPVideos":false,"isDoubtEnabled":false,"isPathshala":false,"videoDetails":{"name":"FRICTION in 1 Shot - All Concepts, Tricks & PYQs | Class 11 | JEE Main & Advanced","image":"https://i.ytimg.com/vi/RtHMBbRB_Gc/mqdefault.jpg","embedCode":"https://www.youtube.com/embed/RtHMBbRB_Gc","description":"TIMESTAMPS ⌚  0:00  Introduction 2:27  Lecture Goals🥅 3:22  Friction Start 3:50  Myth of Friction 6:03  Sach ka Samana 15:41  Why Friction 27:43  Types of Friction 39:07  Static Friction 48:38  Kinet","duration":"4:23:59","_id":"60cdc475b307fb001ffefe2a","createdAt":"2021-06-19T10:18:29.438Z"},"dRoomId":"","isBatchDoubtEnabled":false}]}