{"data":[{"_id":"60d5aee79ca70600209beace","isFree":false,"status":"PENDING","date":"2021-06-25T18:29:59.000Z","startTime":"2021-06-25T06:30:59.000Z","isDPPNotes":false,"homeworkIds":[{"_id":"60d5b87155a419001142a68b","actions":["Open","Download","Print"],"topic":"Chemical Bonding lect Notes(Part-02)","note":"Classnotes","attachmentIds":[{"_id":"60d5b86a5da673001f26e3d2","name":"New Microsoft PowerPoint Presentation.pdf","baseUrl":"https://d1qs8w2pzjtoy9.cloudfront.net/","key":"5eb393ee95fab7468a79d189/0575683c-c9c5-4468-acaa-bba7637caec6.pdf"}],"batchSubjectId":"60ad14e805e03400186e2cd0"}],"dRoomId":"","isBatchDoubtEnabled":false},{"_id":"60ad14e805e03400186e2d11","isFree":false,"status":"PENDING","date":"2021-06-25T00:00:01.000Z","startTime":"2021-06-25T02:30:01.000Z","isDPPNotes":false,"homeworkIds":[{"_id":"60d552ed5b9df7001f361dae","actions":["Open","Download","Print"],"topic":"Chemical Bonding : Practice Sheet Solution (of Part 1 & Part 2)","note":"Classnotes","attachmentIds":[{"_id":"60d552ea78fda5001f120060","name":"Chemical Bonding  Manjil Batch PPT (2).pdf","baseUrl":"https://d1qs8w2pzjtoy9.cloudfront.net/","key":"5eb393ee95fab7468a79d189/89171454-a8d2-49eb-b131-02827f290557.pdf"}],"batchSubjectId":"60ad14e805e03400186e2cd0"}],"dRoomId":"","isBatchDoubtEnabled":false},{"_id":"60ad14e805e03400186e2cdc","isFree":false,"status":"PENDING","date":"2021-06-21T00:00:01.000Z","startTime":"2021-06-21T04:30:01.000Z","isDPPNotes":false,"homeworkIds":[{"_id":"60d00faa65b75800118cd9cc","actions":["Open","Download","Print"],"topic":"Chemical Bonding lect Notes(Part-01)","note":"Notes","attachmentIds":[{"_id":"60d00fa608689a001f7891d4","name":"Chemical bonding Part-1 (Harsh sir) Manzil.pdf","baseUrl":"https://d1qs8w2pzjtoy9.cloudfront.net/","key":"5eb393ee95fab7468a79d189/27aab452-50fb-4357-be22-ca409f39193f.pdf"}],"batchSubjectId":"60ad14e805e03400186e2cd0"},{"_id":"60cf0e82aaf4b0001168ab67","actions":["Open","Download","Print"],"topic":"Chemical Bonding : Practice Sheet( of Part 1 & Part 2)","note":"DPP","attachmentIds":[{"_id":"60cf0e8043f5b4001153163f","name":"Chemical Bonding_Chemistry_Manzil batch (1).pdf","baseUrl":"https://d1qs8w2pzjtoy9.cloudfront.net/","key":"5eb393ee95fab7468a79d189/fdb5b52b-ee88-4dd7-bf01-495cb9f0fcd1.pdf"}],"batchSubjectId":"60ad14e805e03400186e2cd0"}],"dRoomId":"","isBatchDoubtEnabled":false}]}