{"data":[{"_id":"60d5aee79ca70600209beace","restrictedSchedule":false,"restrictedTime":0,"urlType":"youtube","tags":[{"_id":"60d0100875e9a700116d9f54","name":"Chemical bonding"}],"isFree":false,"isChatEnabled":false,"isCommentDisabled":false,"status":"PENDING","topic":"Chemical Bonding One Shot Part-2","date":"2021-06-25T18:29:59.000Z","startTime":"2021-06-25T06:30:59.000Z","endTime":"2021-06-25T06:30:59.000Z","timeline":[],"url":"https://www.youtube.com/embed/JZ0jMU9iIIE","isDPPVideos":false,"isDoubtEnabled":false,"isPathshala":false,"videoDetails":{"name":"CHEMICAL BONDING in 1 Shot (Part 2) - All Concepts, Tricks & PYQs | Class 11 | JEE Main & Advanced","image":"https://i.ytimg.com/vi/JZ0jMU9iIIE/mqdefault.jpg","embedCode":"https://www.youtube.com/embed/JZ0jMU9iIIE","description":"▶To download Lecture Notes, Practice Sheet & Practice Sheet Video Solution, Visit MANZIL Batch in Batch Section of PW App(http://bit.ly/3ru9Agh).  📝 Note: This Batch is Completely FREE, You just have","duration":"5:49:09","_id":"60d8826f917ed1001f88ee7d","createdAt":"2021-06-27T13:51:43.145Z"},"dRoomId":"","isBatchDoubtEnabled":false},{"_id":"60ad14e805e03400186e2d11","restrictedSchedule":false,"restrictedTime":0,"urlType":"youtube","tags":[{"_id":"60d0100875e9a700116d9f54","name":"Chemical bonding"}],"isFree":false,"isChatEnabled":false,"status":"PENDING","date":"2021-06-25T00:00:01.000Z","startTime":"2021-06-25T02:30:01.000Z","endTime":"2021-06-25T03:30:01.000Z","timeline":[],"isCommentDisabled":false,"topic":"Chemical Bonding :  Solution to Practice Sheet","url":"https://www.youtube.com/embed/_KcO7XmXl2M","isDPPVideos":false,"isDoubtEnabled":false,"isPathshala":false,"videoDetails":{"name":"Chemical Bonding : Solution to Practice Sheet","image":"https://i.ytimg.com/vi/_KcO7XmXl2M/mqdefault.jpg","embedCode":"https://www.youtube.com/embed/_KcO7XmXl2M","description":"","duration":"1:27:01","_id":"60d55347b5bad2001f49cbb3","createdAt":"2021-06-25T03:53:43.283Z"},"dRoomId":"","isBatchDoubtEnabled":false},{"_id":"60ad14e805e03400186e2cdc","restrictedSchedule":false,"restrictedTime":0,"urlType":"youtube","tags":[{"_id":"60d0100875e9a700116d9f54","name":"Chemical bonding"}],"isFree":false,"isChatEnabled":false,"status":"PENDING","date":"2021-06-21T00:00:01.000Z","startTime":"2021-06-21T04:30:01.000Z","endTime":"2021-06-21T04:30:01.000Z","timeline":[],"isCommentDisabled":false,"topic":"Chemical Bonding in One Shot","url":"https://www.youtube.com/embed/xVYKk4gGvp0","isDPPVideos":false,"isDoubtEnabled":false,"isPathshala":false,"videoDetails":{"name":"CHEMICAL BONDING in 1 Shot (Part 1) - All Concepts, Tricks & PYQs | Class 11 | JEE Main & Advanced","image":"https://i.ytimg.com/vi/xVYKk4gGvp0/mqdefault.jpg","embedCode":"https://www.youtube.com/embed/xVYKk4gGvp0","description":"To download Lecture Notes, Practice Sheet & Practice Sheet Video Solution, Visit MANZIL Batch in Batch Section of PW App(http://bit.ly/3ru9Agh).  📝 Note: This Batch is Completely FREE, You just have ","duration":"11:27:49","_id":"60d4161673dbcb0011832ac8","createdAt":"2021-06-24T05:20:22.392Z"},"dRoomId":"","isBatchDoubtEnabled":false}]}