{"data":[{"_id":"60b320298ec1000018b17e09","isFree":false,"status":"PENDING","date":"2021-05-30T18:29:59.000Z","startTime":"2021-05-30T04:30:59.000Z","isDPPNotes":false,"homeworkIds":[{"_id":"60b31e6af984f201ebc312e7","actions":["Open","Download","Print"],"topic":"Vectors:Practice Sheet Solution","note":"NOTES","attachmentIds":[{"_id":"60b31e6730d3f7013fe5af2c","name":"Presentation1 (1).pdf","baseUrl":"https://d1qs8w2pzjtoy9.cloudfront.net/","key":"5eb393ee95fab7468a79d189/5acca33f-e88f-4179-a628-efbcd3b193ad.pdf"}],"batchSubjectId":"60ad14e805e03400186e2cc9"}],"dRoomId":"","isBatchDoubtEnabled":false},{"_id":"60ad14e805e03400186e2da9","isFree":false,"status":"PENDING","date":"2021-05-28T00:00:01.000Z","startTime":"2021-05-28T12:30:01.000Z","isDPPNotes":false,"homeworkIds":[{"_id":"60b125aa8ec1000018af3e55","actions":["Open","Download","Print"],"topic":"Vectors One Shot Lect Notes","note":"NOTES","attachmentIds":[{"_id":"60b125a7d193670061d43383","name":"Vectors One Shot  (Rajwant sir) Manzil Batch.pdf","baseUrl":"https://d1qs8w2pzjtoy9.cloudfront.net/","key":"5eb393ee95fab7468a79d189/f8c723bb-eb3e-4055-82f3-d75fe9659808.pdf"}],"batchSubjectId":"60ad14e805e03400186e2cc9"},{"_id":"60b123b0cf7a9400116c25c1","actions":["Open","Download","Print"],"topic":"Vectors:Practice Sheet","note":"DPP","attachmentIds":[{"_id":"60b123ae9422120018716093","name":"Vectors and Application_Manzil__(Physics).pdf","baseUrl":"https://d1qs8w2pzjtoy9.cloudfront.net/","key":"5eb393ee95fab7468a79d189/424b154f-75f6-4790-a7c2-bd587058dcc8.pdf"}],"batchSubjectId":"60ad14e805e03400186e2cc9"}],"dRoomId":"","isBatchDoubtEnabled":false}]}