{"data":[{"_id":"60b320298ec1000018b17e09","restrictedSchedule":false,"restrictedTime":0,"urlType":"youtube","tags":[{"_id":"60b123b9e8eed80053b0fe12","name":"Vectors"}],"isFree":false,"isChatEnabled":false,"status":"PENDING","topic":"Vectors:Solution to Practice Sheet","date":"2021-05-30T18:29:59.000Z","startTime":"2021-05-30T04:30:59.000Z","endTime":"2021-05-30T05:30:59.000Z","url":"https://www.youtube.com/embed/TxMfZP0L2vI","timeline":[],"isCommentDisabled":false,"isDPPVideos":false,"isDoubtEnabled":false,"isPathshala":false,"videoDetails":{"name":"Vectors: One Shot Practice Sheet Solution","image":"https://i.ytimg.com/vi/TxMfZP0L2vI/mqdefault.jpg","embedCode":"https://www.youtube.com/embed/TxMfZP0L2vI","description":"","duration":"1:07:59","_id":"60b471acf4581b0011554a63","createdAt":"2021-05-31T05:18:36.549Z"},"dRoomId":"","isBatchDoubtEnabled":false},{"_id":"60ad14e805e03400186e2da9","restrictedSchedule":false,"restrictedTime":0,"urlType":"youtube","tags":[{"_id":"60b123b9e8eed80053b0fe12","name":"Vectors"}],"isFree":false,"isChatEnabled":false,"status":"PENDING","date":"2021-05-28T00:00:01.000Z","startTime":"2021-05-28T12:30:01.000Z","endTime":"2021-05-28T12:30:01.000Z","timeline":[],"topic":"VECTORS : One Shot","isCommentDisabled":false,"url":"https://www.youtube.com/embed/LvDEO27plw0","isDPPVideos":false,"isDoubtEnabled":false,"isPathshala":false,"videoDetails":{"name":"MANZIL Batch - Complete VECTORS in 1 Shot | Day 1","image":"https://i.ytimg.com/vi/LvDEO27plw0/mqdefault.jpg","embedCode":"https://www.youtube.com/embed/LvDEO27plw0?list=PLxyGaR3hEy3j2zsU6Du4LsPfAyvXYHAtH","description":"▶ To download Lecture Notes, Practice Sheet & Practice Sheet Video Solution, Visit MANZIL Batch in Batch Section of PhysicsWallah App(http://bit.ly/3ru9Agh)  📝 Note: This Batch is Completely FREE, Yo","duration":"4:42:52","_id":"61950a345021570042e816fc","createdAt":"2021-11-17T13:57:08.248Z"},"dRoomId":"","isBatchDoubtEnabled":false}]}