{"data":[{"_id":"60ad14e805e03400186e2ce5","isFree":false,"status":"PENDING","date":"2021-08-23T00:00:01.000Z","startTime":"2021-08-23T06:30:01.000Z","isDPPNotes":false,"homeworkIds":[{"_id":"612354abbaaa330070d450be","actions":["Open","Download","Print"],"topic":"Coordination Compound : Solution to Practice Sheet","note":"Classnotes","attachmentIds":[{"_id":"61235909c7887f005fe661d6","name":"PPT_Coordination Compound_Chemistry_MANZIL BATCH_Puneet Sir_Mahaveer Singh (1).pdf","baseUrl":"https://d2bps9p1kiy4ka.cloudfront.net/","key":"5eb393ee95fab7468a79d189/4e648498-b7fe-4d26-8bb4-ee5b53263d32.pdf"}],"batchSubjectId":"60ad14e805e03400186e2cd0"}],"dRoomId":"","isBatchDoubtEnabled":false},{"_id":"60ad14e805e03400186e2d0c","isFree":false,"status":"PENDING","date":"2021-08-19T00:00:01.000Z","startTime":"2021-08-19T07:30:01.000Z","isDPPNotes":false,"homeworkIds":[{"_id":"611f4f54a26e14001263ceb0","actions":["Open","Download","Print"],"topic":"Coordination Compounds : Lect notes","note":"Classnotes","attachmentIds":[{"_id":"611f4f511e3f060018cf55fa","name":"Cordination Compound in one shot (Yashwant sir) Manzil_compressed.pdf","baseUrl":"https://d2bps9p1kiy4ka.cloudfront.net/","key":"5eb393ee95fab7468a79d189/133f663f-f315-42a3-bb86-dd6c79f7f8a4.pdf"}],"batchSubjectId":"60ad14e805e03400186e2cd0"},{"_id":"611e0944b212a10011280934","actions":["Open","Download","Print"],"topic":"Coordination Compound : Practice Sheet","note":"DPP","attachmentIds":[{"_id":"611e087564e5500018e77c64","name":"DPP_Coordination Compound_Chemistry_MANZIL BATCH_Puneet Sir_Mahaveer Singh.pdf","baseUrl":"https://d2bps9p1kiy4ka.cloudfront.net/","key":"5eb393ee95fab7468a79d189/2db6a233-903c-4be6-a304-12df9d245ff8.pdf"}],"batchSubjectId":"60ad14e805e03400186e2cd0"}],"dRoomId":"","isBatchDoubtEnabled":false}]}