{"data":[{"_id":"60ad14e805e03400186e2ce5","restrictedSchedule":false,"restrictedTime":0,"urlType":"youtube","tags":[{"_id":"60e5e641cc24950011a2fc89","name":"Coordination Compound"}],"isFree":false,"isChatEnabled":false,"status":"PENDING","date":"2021-08-23T00:00:01.000Z","startTime":"2021-08-23T06:30:01.000Z","endTime":"2021-08-23T07:30:01.000Z","timeline":[],"isCommentDisabled":false,"isDoubtEnabled":false,"topic":"Coordination Compound : Solution to Practice Sheet","url":"https://www.youtube.com/embed/C-SbuK4JVP8","isDPPVideos":false,"isPathshala":false,"videoDetails":{"name":"Coordination Compound : Solution to Practice Sheet","image":"https://i.ytimg.com/vi/C-SbuK4JVP8/mqdefault.jpg","embedCode":"https://www.youtube.com/embed/C-SbuK4JVP8","description":"","duration":"1:32:20","_id":"61235a291fc8bc0011ee1873","createdAt":"2021-08-23T08:19:53.705Z"},"dRoomId":"","isBatchDoubtEnabled":false},{"_id":"60ad14e805e03400186e2d0c","restrictedSchedule":false,"restrictedTime":0,"urlType":"youtube","tags":[{"_id":"60e5e641cc24950011a2fc89","name":"Coordination Compound"}],"isFree":false,"isChatEnabled":false,"status":"PENDING","date":"2021-08-19T00:00:01.000Z","startTime":"2021-08-19T07:30:01.000Z","endTime":"2021-08-19T07:30:01.000Z","timeline":[],"isCommentDisabled":false,"isDoubtEnabled":false,"topic":"Coordination Compound in One Shot","url":"https://www.youtube.com/embed/a9GG0EzlP4M","isDPPVideos":false,"isPathshala":false,"videoDetails":{"name":"COORDINATION COMPOUND in One Shot (Part-1) - All Concepts & PYQs | Class 11 | JEE Main & Advanced","image":"https://i.ytimg.com/vi/a9GG0EzlP4M/mqdefault.jpg","embedCode":"https://www.youtube.com/embed/a9GG0EzlP4M","description":"Nothing matters more than your results!! Submit your JEE Enrollment details with us by filling this form :  https://forms.gle/VgZbrsCvn71J8ZCs6   ▶ To download Lecture Notes, Practice Sheet & Practice","duration":"4:46:08","_id":"61234d02ed3ff6004bc6cb88","createdAt":"2021-08-23T07:23:46.794Z"},"dRoomId":"","isBatchDoubtEnabled":false}]}