{"data":[{"_id":"612a55dd8d6c0e00114b0e78","isFree":false,"status":"PENDING","date":"2021-08-28T18:29:59.000Z","startTime":"2021-08-28T13:30:59.000Z","isDPPNotes":false,"homeworkIds":[{"_id":"612a4066010f7600180c714e","actions":["Open","Download","Print"],"topic":"KTG and Thermodynamics : Practice Sheet Solution","note":"Classnotes","attachmentIds":[{"_id":"612a405d6fad8e001184f995","name":"6_KTG & thermodynamics.pdf","baseUrl":"https://d2bps9p1kiy4ka.cloudfront.net/","key":"5eb393ee95fab7468a79d189/6ceed3ec-c0ee-4efc-9f11-c9634c70e0cd.pdf"}],"batchSubjectId":"60ad14e805e03400186e2cc9"}],"dRoomId":"","isBatchDoubtEnabled":false},{"_id":"61213f999a92c500118c040e","isFree":false,"status":"PENDING","date":"2021-08-21T18:29:59.000Z","startTime":"2021-08-21T17:30:59.000Z","isDPPNotes":false,"homeworkIds":[{"_id":"61213f6adb28bf0019a86005","actions":["Open","Download","Print"],"topic":"KTG and Thermodynamics : Practice Sheet","note":"DPP","attachmentIds":[{"_id":"61267ffbe62b75001842fbde","name":"7_KTG & thermodynamics.pdf","baseUrl":"https://d2bps9p1kiy4ka.cloudfront.net/","key":"5eb393ee95fab7468a79d189/5f83209c-89c2-429a-923b-ef68eee1b09f.pdf"}],"batchSubjectId":"60ad14e805e03400186e2cc9"},{"_id":"61213f3ff3ed660018fb3131","actions":["Open","Download","Print"],"topic":"KTG and Thermodynamics : Lect Notes","note":"Classnotes","attachmentIds":[{"_id":"61213f352cfc9400911ffefa","name":"KTG And Thermodynamics JEE Wallah_compressed.pdf","baseUrl":"https://d2bps9p1kiy4ka.cloudfront.net/","key":"5eb393ee95fab7468a79d189/6acb5f03-5f67-4fb8-a858-a3904abb90ae.pdf"}],"batchSubjectId":"60ad14e805e03400186e2cc9"}],"dRoomId":"","isBatchDoubtEnabled":false}]}