{"data":[{"_id":"612a55dd8d6c0e00114b0e78","restrictedSchedule":false,"restrictedTime":0,"urlType":"youtube","tags":[{"_id":"61213fad260a5c0214049748","name":"KTG and Thermodynamics"}],"isFree":false,"isChatEnabled":false,"isDoubtEnabled":false,"isCommentDisabled":false,"status":"PENDING","topic":"KTG and Thermodynamics : Solution to Practice Sheet","date":"2021-08-28T18:29:59.000Z","startTime":"2021-08-28T13:30:59.000Z","endTime":"2021-08-28T14:30:59.000Z","timeline":[],"url":"https://www.youtube.com/embed/b0EVzAMvf4g","isDPPVideos":false,"isPathshala":false,"videoDetails":{"name":"KTG and Thermodynamics : Solution to Practice Sheet","image":"https://i.ytimg.com/vi/b0EVzAMvf4g/mqdefault.jpg","embedCode":"https://www.youtube.com/embed/b0EVzAMvf4g","description":"","duration":"59:31","_id":"612a561a41d17400181ef96c","createdAt":"2021-08-28T15:28:26.099Z"},"dRoomId":"","isBatchDoubtEnabled":false},{"_id":"61213f999a92c500118c040e","restrictedSchedule":false,"restrictedTime":0,"urlType":"youtube","tags":[{"_id":"61213fad260a5c0214049748","name":"KTG and Thermodynamics"}],"isFree":false,"isChatEnabled":false,"isDoubtEnabled":false,"isCommentDisabled":false,"status":"PENDING","topic":"KTG and Thermodynamics in One Shot","date":"2021-08-21T18:29:59.000Z","startTime":"2021-08-21T17:30:59.000Z","endTime":"2021-08-21T17:30:59.000Z","timeline":[],"url":"https://www.youtube.com/embed/laRFmT21E1g","isDPPVideos":false,"isPathshala":false,"videoDetails":{"name":"KTG AND THERMODYNAMICS in One Shot - All Concepts & PYQs | Class 11 | JEE Main & Advanced","image":"https://i.ytimg.com/vi/laRFmT21E1g/mqdefault.jpg","embedCode":"https://www.youtube.com/embed/laRFmT21E1g","description":"▶ To download Lecture Notes, Practice Sheet & Practice Sheet Video Solution, Visit MANZIL Batch in Batch Section of PW App(http://bit.ly/3ru9Agh).  📝 Note: This Batch is Completely FREE, You just hav","duration":"6:42:15","_id":"61234bd4b899f1003c47556c","createdAt":"2021-08-23T07:18:44.226Z"},"dRoomId":"","isBatchDoubtEnabled":false}]}