{"data":[{"_id":"60ad14e805e03400186e2db9","isFree":false,"status":"PENDING","date":"2021-06-19T00:00:01.000Z","startTime":"2021-06-19T19:30:01.000Z","isDPPNotes":false,"homeworkIds":[{"_id":"60cce810c53b886cc946b601","actions":["Open","Download","Print"],"topic":"Work Energy and Power: Part-02 lect notes","note":"NOTES","attachmentIds":[{"_id":"60cce80d582edb169c775ea4","name":"20210619000249485.pdf","baseUrl":"https://d1qs8w2pzjtoy9.cloudfront.net/","key":"5eb393ee95fab7468a79d189/20f9a18f-b21e-4b5f-9aac-217fa6d52de7.pdf"}],"batchSubjectId":"60ad14e805e03400186e2cc9"},{"_id":"60c87b51f211980017dbf77b","actions":["Open","Download","Print"],"topic":"Work, Energy and Power : Practice Sheet","note":"DPP","attachmentIds":[{"_id":"60c87b4f8bf97f001ff96cf6","name":"WPE DPP 01_MANZIL BATCH.pdf","baseUrl":"https://d1qs8w2pzjtoy9.cloudfront.net/","key":"5eb393ee95fab7468a79d189/b44d6ee8-03aa-4afe-bd92-45e1f29f4429.pdf"}],"batchSubjectId":"60ad14e805e03400186e2cc9"}],"dRoomId":"","isBatchDoubtEnabled":false},{"_id":"60ad14e805e03400186e2d9f","isFree":false,"status":"PENDING","date":"2021-06-17T00:00:01.000Z","startTime":"2021-06-17T13:30:01.000Z","isDPPNotes":false,"homeworkIds":[{"_id":"60cb5fa1c6da8d001169afdc","actions":["Open","Download","Print"],"topic":"Work, Power and Energy : Practice Sheet Solution","note":"Classnotes","attachmentIds":[{"_id":"60cb5f9d4c53bd0011bf183c","name":"WORK POWER ENERGY Practice Sheet-1_Physics_Manzil Batch [Autosaved] (1)_compressed.pdf","baseUrl":"https://d1qs8w2pzjtoy9.cloudfront.net/","key":"5eb393ee95fab7468a79d189/39d0218c-8c8d-411f-84a9-f94e51f7526e.pdf"}],"batchSubjectId":"60ad14e805e03400186e2cc9"}],"dRoomId":"","isBatchDoubtEnabled":false},{"_id":"60ad14e805e03400186e2d84","isFree":false,"status":"PENDING","date":"2021-06-15T00:00:01.000Z","startTime":"2021-06-15T12:30:01.000Z","isDPPNotes":false,"homeworkIds":[{"_id":"60c8f19c23f4c6001f5d7099","actions":["Open","Download","Print"],"topic":"Work, Energy and Power :Lect Notes","note":"NOTES","attachmentIds":[{"_id":"60c8f196a889930011e9edea","name":"wpe notes.pdf","baseUrl":"https://d1qs8w2pzjtoy9.cloudfront.net/","key":"5eb393ee95fab7468a79d189/3d41a36c-1aa1-4c61-94c5-01a4c52d5892.pdf"}],"batchSubjectId":"60ad14e805e03400186e2cc9"},{"_id":"60c87b51f211980017dbf77b","actions":["Open","Download","Print"],"topic":"Work, Energy and Power : Practice Sheet","note":"DPP","attachmentIds":[{"_id":"60c87b4f8bf97f001ff96cf6","name":"WPE DPP 01_MANZIL BATCH.pdf","baseUrl":"https://d1qs8w2pzjtoy9.cloudfront.net/","key":"5eb393ee95fab7468a79d189/b44d6ee8-03aa-4afe-bd92-45e1f29f4429.pdf"}],"batchSubjectId":"60ad14e805e03400186e2cc9"}],"dRoomId":"","isBatchDoubtEnabled":false}]}