{"data":[{"_id":"60ad14e805e03400186e2db9","restrictedSchedule":false,"restrictedTime":0,"urlType":"youtube","tags":[{"_id":"60c8d936e874fa001f7bae58","name":"Work,Energy and Power"}],"isFree":false,"isChatEnabled":false,"status":"PENDING","date":"2021-06-19T00:00:01.000Z","startTime":"2021-06-19T19:30:01.000Z","endTime":"2021-06-19T19:30:01.000Z","timeline":[],"isCommentDisabled":false,"topic":"Work Energy and Power Part-02","url":"https://www.youtube.com/embed/UGroErIrdJ4","isDPPVideos":false,"isDoubtEnabled":false,"isPathshala":false,"videoDetails":{"name":null,"image":null,"embedCode":"https://www.youtube.com/embed/UGroErIrdJ4","duration":"00:00"},"dRoomId":"","isBatchDoubtEnabled":false},{"_id":"60ad14e805e03400186e2d9f","restrictedSchedule":false,"restrictedTime":0,"urlType":"youtube","tags":[{"_id":"60c8d936e874fa001f7bae58","name":"Work,Energy and Power"}],"isFree":false,"isChatEnabled":false,"status":"PENDING","date":"2021-06-17T00:00:01.000Z","startTime":"2021-06-17T13:30:01.000Z","endTime":"2021-06-17T14:30:01.000Z","timeline":[],"isCommentDisabled":false,"topic":"Work, Power and Energy : Solution to Practice Sheet","url":"https://www.youtube.com/embed/BLsID9lekfc","isDPPVideos":false,"isDoubtEnabled":false,"isPathshala":false,"videoDetails":{"name":"Work, Power and Energy : Solution to Practice Sheet","image":"https://i.ytimg.com/vi/BLsID9lekfc/mqdefault.jpg","embedCode":"https://www.youtube.com/embed/BLsID9lekfc","description":"","duration":"1:44:38","_id":"60cb60237908090012c778a8","createdAt":"2021-06-17T14:45:55.804Z"},"dRoomId":"","isBatchDoubtEnabled":false},{"_id":"60ad14e805e03400186e2d84","restrictedSchedule":false,"restrictedTime":0,"urlType":"youtube","tags":[{"_id":"60c8d936e874fa001f7bae58","name":"Work,Energy and Power"}],"isFree":false,"isChatEnabled":false,"status":"PENDING","date":"2021-06-15T00:00:01.000Z","startTime":"2021-06-15T12:30:01.000Z","endTime":"2021-06-15T12:30:01.000Z","timeline":[],"isCommentDisabled":false,"topic":"Work, Energy and Power","url":"https://www.youtube.com/embed/C7CXnkkOmX8","isDPPVideos":false,"isDoubtEnabled":false,"isPathshala":false,"videoDetails":{"name":"Work, Energy and Power in 1 Shot (Part 1) - All Concepts, Tricks | Class 11 | JEE Main & Advanced","image":"https://i.ytimg.com/vi/C7CXnkkOmX8/mqdefault.jpg","embedCode":"https://www.youtube.com/embed/C7CXnkkOmX8","description":"Part 2 - https://youtu.be/UGroErIrdJ4  To download Lecture Notes, Practice Sheet & Practice Sheet Video Solution, Visit MANZIL Batch in Batch Section of PW App(http://bit.ly/3ru9Agh).  📝 Note: This B","duration":"5:49:25","_id":"60cdc777146d17001ff6e55f","createdAt":"2021-06-19T10:31:19.299Z"},"dRoomId":"","isBatchDoubtEnabled":false}]}