{"data":[{"_id":"6128beea41d17400181d92b2","isFree":false,"status":"PENDING","date":"2021-08-27T18:29:59.000Z","startTime":"2021-08-27T04:30:59.000Z","isDPPNotes":false,"homeworkIds":[{"_id":"6128bd0e2b1eac0011064f3d","actions":["Open","Download","Print"],"topic":"JEE MAIN (26th Aug Shift 1)","note":"Classnotes","attachmentIds":[{"_id":"6128bd0873935a0011f36589","name":"Questions Papers Dissociation_compressed.pdf","baseUrl":"https://d2bps9p1kiy4ka.cloudfront.net/","key":"5eb393ee95fab7468a79d189/b0785af4-bba4-4733-883d-88b9152580c3.pdf"}],"batchSubjectId":"60ad14e805e03400186e2cc9"}],"dRoomId":"","isBatchDoubtEnabled":false},{"_id":"61029024b23fdd0013da1af5","isFree":false,"status":"PENDING","date":"2021-07-28T18:29:59.000Z","startTime":"2021-07-28T08:30:59.000Z","isDPPNotes":false,"homeworkIds":[{"_id":"61028fb6ede1ba0018f3a012","actions":["Open","Download","Print"],"topic":"Physics - JEE MAIN (27th July Shift 2)","note":"Classnotes","attachmentIds":[{"_id":"61028fa93abfd30011995979","name":"27 july shift 2 JEE_compressed.pdf","baseUrl":"https://d2bps9p1kiy4ka.cloudfront.net/","key":"5eb393ee95fab7468a79d189/9ded88fe-6f52-4152-91cd-5f9c5718ef2a.pdf"}],"batchSubjectId":"60ad14e805e03400186e2cc9"}],"dRoomId":"","isBatchDoubtEnabled":false},{"_id":"60ad14e805e03400186e2d8a","isFree":false,"status":"PENDING","date":"2021-07-27T00:00:01.000Z","startTime":"2021-07-27T17:30:01.000Z","isDPPNotes":false,"homeworkIds":[{"_id":"6100504bb99f1601429a561c","actions":["Open","Download","Print"],"topic":"Physics - JEE MAIN (27th July Shift 1)","note":"Classnotes","attachmentIds":[{"_id":"61005044e973cf004b6f71b0","name":"Morning shift 1_organized_compressed.pdf","baseUrl":"https://d2bps9p1kiy4ka.cloudfront.net/","key":"5eb393ee95fab7468a79d189/f84dbbb8-7592-493c-8c2f-60a7d65b88ce.pdf"}],"batchSubjectId":"60ad14e805e03400186e2cc9"}],"dRoomId":"","isBatchDoubtEnabled":false},{"_id":"60ad14e805e03400186e2d7d","isFree":false,"status":"PENDING","date":"2021-07-26T00:00:01.000Z","startTime":"2021-07-26T04:30:01.000Z","isDPPNotes":false,"homeworkIds":[{"_id":"60fe7f3720dcbd001226b3e6","actions":["Open","Download","Print"],"topic":"Physics - JEE MAIN (25th July Shift 2)","note":"Classnotes","attachmentIds":[{"_id":"60fe7f3041cccc00195067cc","name":"Shift 2 Paper Solutions (Rajwant Sir, Suraj Sir, Ashima Ma'am) JEE Mains_compressed.pdf","baseUrl":"https://d2bps9p1kiy4ka.cloudfront.net/","key":"5eb393ee95fab7468a79d189/65414a27-e2ed-4bf9-bc5f-7a431640d108.pdf"}],"batchSubjectId":"60ad14e805e03400186e2cc9"}],"dRoomId":"","isBatchDoubtEnabled":false},{"_id":"60fdcfbcd36afa00118d813a","isFree":false,"status":"PENDING","date":"2021-07-25T18:29:59.000Z","startTime":"2021-07-25T16:30:59.000Z","isDPPNotes":false,"homeworkIds":[{"_id":"60fdceae45c0ab0011ce5ace","actions":["Open","Download","Print"],"topic":"Physics - JEE MAIN (25th July Shift 1)","note":"Classnotes","attachmentIds":[{"_id":"60fdcea96b9e880011aa78a8","name":"20210725235824731 (1)_compressed.pdf","baseUrl":"https://d2bps9p1kiy4ka.cloudfront.net/","key":"5eb393ee95fab7468a79d189/64c8818f-6bea-4207-9dc2-683f97e2dd9e.pdf"}],"batchSubjectId":"60ad14e805e03400186e2cc9"}],"dRoomId":"","isBatchDoubtEnabled":false},{"_id":"60ad14e805e03400186e2db1","isFree":false,"status":"PENDING","date":"2021-07-23T00:00:01.000Z","startTime":"2021-07-23T04:30:01.000Z","isDPPNotes":false,"homeworkIds":[{"_id":"60fb12522b23db00e857e081","actions":["Open","Download","Print"],"topic":"Physics - JEE MAIN (22th July Shift 2)","note":"Classnotes","attachmentIds":[{"_id":"60fb124e80707300115a5c99","name":"Practice (Aditya Sir)_compressed.pdf","baseUrl":"https://d1qs8w2pzjtoy9.cloudfront.net/","key":"5eb393ee95fab7468a79d189/20862be1-3874-4841-8073-31982fc9b33c.pdf"}],"batchSubjectId":"60ad14e805e03400186e2cc9"}],"dRoomId":"","isBatchDoubtEnabled":false},{"_id":"60ad14e805e03400186e2d89","isFree":false,"status":"PENDING","date":"2021-07-20T00:00:01.000Z","startTime":"2021-07-20T16:30:01.000Z","isDPPNotes":false,"homeworkIds":[{"_id":"60f9616eb299310018c67d1a","actions":["Open","Download","Print"],"topic":"Physics - JEE MAIN (20th July Shift 1)","note":"Classnotes","attachmentIds":[{"_id":"60f9616b6d47f00018fc2166","name":"jee mains paper discussion.pdf","baseUrl":"https://d1qs8w2pzjtoy9.cloudfront.net/","key":"5eb393ee95fab7468a79d189/b7d08d85-e675-4805-ad7e-30d654a2a918.pdf"}],"batchSubjectId":"60ad14e805e03400186e2cc9"}],"dRoomId":"","isBatchDoubtEnabled":false}]}