{"data":[{"_id":"6128beea41d17400181d92b2","restrictedSchedule":false,"restrictedTime":0,"urlType":"youtube","tags":[{"_id":"60f6fdffa32ef70018ab8472","name":"JEE Mains Questions Discussion"}],"isFree":false,"isChatEnabled":false,"isDoubtEnabled":false,"isCommentDisabled":false,"status":"PENDING","topic":"JEE MAIN (26th Aug Shift 1) Paper Discussion","date":"2021-08-27T18:29:59.000Z","startTime":"2021-08-27T04:30:59.000Z","endTime":"2021-08-27T04:30:59.000Z","timeline":[],"url":"https://www.youtube.com/embed/J6neEUW1ysk","isDPPVideos":false,"isPathshala":false,"videoDetails":{"name":"26 August - Shift 1 || JEE Main 2021 Paper Discussion","image":"https://i.ytimg.com/vi/J6neEUW1ysk/mqdefault.jpg","embedCode":"https://www.youtube.com/embed/J6neEUW1ysk","description":"Nothing matters more than your results!! Submit your JEE application on the link below and toppers will get exciting scholarships/prizes https://forms.gle/VgZbrsCvn71J8ZCs6  ▶ To download Lecture Note","duration":"4:36:43","_id":"6129b836da43c30018b66cad","createdAt":"2021-08-28T04:14:46.751Z"},"dRoomId":"","isBatchDoubtEnabled":false},{"_id":"61029024b23fdd0013da1af5","restrictedSchedule":false,"restrictedTime":0,"urlType":"youtube","tags":[{"_id":"60f6fdffa32ef70018ab8472","name":"JEE Mains Questions Discussion"}],"isFree":false,"isChatEnabled":false,"isCommentDisabled":false,"status":"PENDING","topic":"Physics - JEE MAIN (27th July Shift 2)","date":"2021-07-28T18:29:59.000Z","startTime":"2021-07-28T08:30:59.000Z","endTime":"2021-07-28T08:30:59.000Z","timeline":[],"url":"https://www.youtube.com/embed/elAQ8J52yOg","isDPPVideos":false,"isDoubtEnabled":false,"isPathshala":false,"videoDetails":{"name":"27 July - Shift 2 || JEE Main 2021 Paper Solutions","image":"https://i.ytimg.com/vi/elAQ8J52yOg/mqdefault.jpg","embedCode":"https://www.youtube.com/embed/elAQ8J52yOg","description":"To download Lecture Notes, Practice Sheet & Practice Sheet Video Solution, Visit MANZIL Batch in Batch Section of PhysicsWallah App(http://bit.ly/3ru9Agh).  ✨ NOTE : This Batch is Completely FREE, You","duration":"4:07:56","_id":"610b8d962ca7c400c2a18e37","createdAt":"2021-08-05T07:04:54.355Z"},"dRoomId":"","isBatchDoubtEnabled":false},{"_id":"60ad14e805e03400186e2d8a","restrictedSchedule":false,"restrictedTime":0,"urlType":"youtube","tags":[{"_id":"60f6fdffa32ef70018ab8472","name":"JEE Mains Questions Discussion"}],"isFree":false,"isChatEnabled":false,"status":"PENDING","date":"2021-07-27T00:00:01.000Z","startTime":"2021-07-27T17:30:01.000Z","endTime":"2021-07-27T17:30:01.000Z","timeline":[],"isCommentDisabled":false,"topic":"Physics - JEE MAIN (27th July Shift 1)","url":"https://www.youtube.com/embed/GqOeACec3VA","isDPPVideos":false,"isDoubtEnabled":false,"isPathshala":false,"videoDetails":{"name":"27th July - Shift 1 || JEE Main 2021 Paper Solutions","image":"https://i.ytimg.com/vi/GqOeACec3VA/mqdefault.jpg","embedCode":"https://www.youtube.com/embed/GqOeACec3VA","description":"To download Lecture Notes, Practice Sheet & Practice Sheet Video Solution, Visit MANZIL Batch in Batch Section of PhysicsWallah App(http://bit.ly/3ru9Agh).  ✨ NOTE : This Batch is Completely FREE, You","duration":"5:00:41","_id":"61023669490a4c0018eb645d","createdAt":"2021-07-29T05:02:33.118Z"},"dRoomId":"","isBatchDoubtEnabled":false},{"_id":"60ad14e805e03400186e2d7d","restrictedSchedule":false,"restrictedTime":0,"urlType":"youtube","tags":[{"_id":"60f6fdffa32ef70018ab8472","name":"JEE Mains Questions Discussion"}],"isFree":false,"isChatEnabled":false,"status":"PENDING","date":"2021-07-26T00:00:01.000Z","startTime":"2021-07-26T04:30:01.000Z","endTime":"2021-07-26T04:30:01.000Z","timeline":[],"isCommentDisabled":false,"topic":"Physics - JEE MAIN (25th July Shift 2)","url":"https://www.youtube.com/embed/1a-7PwGHRn4","isDPPVideos":false,"isDoubtEnabled":false,"isPathshala":false,"videoDetails":{"name":"25 JULY - SHIFT 2 || JEE Main 2021 Paper Solutions","image":"https://i.ytimg.com/vi/1a-7PwGHRn4/mqdefault.jpg","embedCode":"https://www.youtube.com/embed/1a-7PwGHRn4","description":"To download Lecture Notes, Practice Sheet & Practice Sheet Video Solution, Visit MANZIL Batch in Batch Section of PhysicsWallah App(http://bit.ly/3ru9Agh).  ✨ NOTE : This Batch is Completely FREE, You","duration":"4:34:16","_id":"610235e6664c0300180733d9","createdAt":"2021-07-29T05:00:22.814Z"},"dRoomId":"","isBatchDoubtEnabled":false},{"_id":"60fdcfbcd36afa00118d813a","restrictedSchedule":false,"restrictedTime":0,"urlType":"youtube","tags":[{"_id":"60f6fdffa32ef70018ab8472","name":"JEE Mains Questions Discussion"}],"isFree":false,"isChatEnabled":false,"isCommentDisabled":false,"status":"PENDING","topic":"Physics - JEE MAIN (25th July Shift 1) (PDF Only)","date":"2021-07-25T18:29:59.000Z","startTime":"2021-07-25T16:30:59.000Z","endTime":"2021-07-25T16:30:59.000Z","timeline":[],"url":"https://www.youtube.com/embed/Mol5fEJAU3k","isDPPVideos":false,"isDoubtEnabled":false,"isPathshala":false,"videoDetails":{"name":"25 JULY - SHIFT 1 || JEE Main 2021 3rd Attempt Paper Solutions","image":"https://i.ytimg.com/vi/Mol5fEJAU3k/mqdefault.jpg","embedCode":"https://www.youtube.com/embed/Mol5fEJAU3k","description":"To download Lecture Notes, Practice Sheet & Practice Sheet Video Solution, Visit MANZIL Batch in Batch Section of PhysicsWallah App(http://bit.ly/3ru9Agh).  ✨ NOTE : This Batch is Completely FREE, You","duration":"5:41:56","_id":"610235c1046fbc00114bf8c4","createdAt":"2021-07-29T04:59:45.459Z"},"dRoomId":"","isBatchDoubtEnabled":false},{"_id":"60ad14e805e03400186e2db1","restrictedSchedule":false,"restrictedTime":0,"urlType":"youtube","tags":[{"_id":"60f6fdffa32ef70018ab8472","name":"JEE Mains Questions Discussion"}],"isFree":false,"isChatEnabled":false,"status":"PENDING","date":"2021-07-23T00:00:01.000Z","startTime":"2021-07-23T04:30:01.000Z","endTime":"2021-07-23T04:30:01.000Z","timeline":[],"isCommentDisabled":false,"topic":"Physics - JEE MAIN (22th July Shift 2) (PDF Only)","url":"https://www.youtube.com/embed/Wvy1SNRowr4","isDPPVideos":false,"isDoubtEnabled":false,"isPathshala":false,"videoDetails":{"name":"22nd July - Shift 2 || JEE Main 2021 Paper Discussion","image":"https://i.ytimg.com/vi/Wvy1SNRowr4/mqdefault.jpg","embedCode":"https://www.youtube.com/embed/Wvy1SNRowr4","description":"To download Lecture Notes, Practice Sheet & Practice Sheet Video Solution, Visit MANZIL Batch in Batch Section of PhysicsWallah App(http://bit.ly/3ru9Agh).  ✨ NOTE : This Batch is Completely FREE, You","duration":"4:36:58","_id":"6102349cc1f3e90011746f54","createdAt":"2021-07-29T04:54:52.536Z"},"dRoomId":"","isBatchDoubtEnabled":false},{"_id":"60ad14e805e03400186e2d89","restrictedSchedule":false,"restrictedTime":0,"urlType":"youtube","tags":[{"_id":"60f6fdffa32ef70018ab8472","name":"JEE Mains Questions Discussion"}],"isFree":false,"isChatEnabled":false,"status":"PENDING","date":"2021-07-20T00:00:01.000Z","startTime":"2021-07-20T16:30:01.000Z","endTime":"2021-07-20T16:30:01.000Z","timeline":[],"isCommentDisabled":false,"topic":"Physics - JEE MAIN (20th July Shift 1)  (PDF Only)","url":"https://www.youtube.com/embed/EA4lZrTDAlo","isDPPVideos":false,"isDoubtEnabled":false,"isPathshala":false,"videoDetails":{"name":"JEE Main 2021 - Physics Paper Discussion || 20th July - Shift 1","image":"https://i.ytimg.com/vi/EA4lZrTDAlo/mqdefault.jpg","embedCode":"https://www.youtube.com/embed/EA4lZrTDAlo","description":"","duration":"1:03:45","_id":"60fd5ed47a0e930042554418","createdAt":"2021-07-25T12:53:40.904Z"},"dRoomId":"","isBatchDoubtEnabled":false}]}