{"data":[{"_id":"60ad1533695c02001132e784","isFree":false,"status":"PENDING","date":"2021-07-05T00:00:01.000Z","startTime":"2021-07-05T13:30:01.000Z","isDPPNotes":false,"homeworkIds":[{"_id":"60e3130c5490ff0054761adb","actions":["Open","Download","Print"],"topic":"Circles : Practice Sheet Solution","note":"Classnotes","attachmentIds":[{"_id":"60e3130ad216be0056298d0f","name":"Manzil_Circles.pdf","baseUrl":"https://d1qs8w2pzjtoy9.cloudfront.net/","key":"5eb393ee95fab7468a79d189/976f85d7-9edf-4c65-8d68-e102c5bba022.pdf"}],"batchSubjectId":"60ad1533695c02001132e778"}],"dRoomId":"","isBatchDoubtEnabled":false},{"_id":"60e1f546ba5f5a001137bf55","isFree":false,"status":"PENDING","date":"2021-07-04T18:29:59.000Z","startTime":"2021-07-04T15:30:59.000Z","isDPPNotes":false,"homeworkIds":[{"_id":"60e06066b839ea0011c1aefb","actions":["Open","Download","Print"],"topic":"Circles : Practice Sheet","note":"DPP","attachmentIds":[{"_id":"60e2adc48c9d280012742021","name":"Circles_ Assignment_MANZIL BATCH.pdf","baseUrl":"https://d1qs8w2pzjtoy9.cloudfront.net/","key":"5eb393ee95fab7468a79d189/bab15859-fe9b-4c95-b00e-d8f7903ff68a.pdf"}],"batchSubjectId":"60ad1533695c02001132e778"}],"dRoomId":"","isBatchDoubtEnabled":false},{"_id":"60e0f3ee049e4e0011d457e0","isFree":false,"status":"PENDING","date":"2021-07-03T18:29:59.000Z","startTime":"2021-07-03T12:30:59.000Z","isDPPNotes":false,"homeworkIds":[{"_id":"60e0f4419f7da30011044395","actions":["Open","Download","Print"],"topic":"Circles lect notes","note":"Notes","attachmentIds":[{"_id":"60e0f43dba201600116743a2","name":"Circles In One Shot (Shivam sir) Manzil.pdf","baseUrl":"https://d1qs8w2pzjtoy9.cloudfront.net/","key":"5eb393ee95fab7468a79d189/a45f4fdc-91f6-4eac-bc0e-7af8f429befb.pdf"}],"batchSubjectId":"60ad1533695c02001132e778"}],"dRoomId":"","isBatchDoubtEnabled":false}]}