{"data":[{"_id":"60ad1533695c02001132e784","restrictedSchedule":false,"restrictedTime":0,"urlType":"youtube","tags":[{"_id":"60e06102adde360018b6ff11","name":"Circles"}],"isFree":false,"isChatEnabled":false,"status":"PENDING","date":"2021-07-05T00:00:01.000Z","startTime":"2021-07-05T13:30:01.000Z","endTime":"2021-07-05T14:30:01.000Z","timeline":[],"isCommentDisabled":false,"topic":"Circles : Solution to Practice Sheet","url":"https://www.youtube.com/embed/HjeRQIA46eA","isDPPVideos":false,"isDoubtEnabled":false,"isPathshala":false,"videoDetails":{"name":"Circles : Solution to Practice Sheet","image":"https://i.ytimg.com/vi/HjeRQIA46eA/mqdefault.jpg","embedCode":"https://www.youtube.com/embed/HjeRQIA46eA","description":"","duration":"2:32:25","_id":"60e31e76c6c4c2005cb2b34a","createdAt":"2021-07-05T15:00:06.575Z"},"dRoomId":"","isBatchDoubtEnabled":false},{"_id":"60e1f546ba5f5a001137bf55","restrictedSchedule":false,"restrictedTime":0,"urlType":"youtube","tags":[{"_id":"60e06102adde360018b6ff11","name":"Circles"}],"isFree":false,"isChatEnabled":false,"isCommentDisabled":false,"status":"PENDING","topic":"Circles in One Shot","date":"2021-07-04T18:29:59.000Z","startTime":"2021-07-04T15:30:59.000Z","endTime":"2021-07-04T15:30:59.000Z","timeline":[],"url":"https://www.youtube.com/embed/FvCLP6hIv8A","isDPPVideos":false,"isDoubtEnabled":false,"isPathshala":false,"videoDetails":{"name":"CIRCLES in One Shot - All Concepts, Tricks & PYQs Covered | Class 11 | JEE Main & Advanced","image":"https://i.ytimg.com/vi/FvCLP6hIv8A/mqdefault.jpg","embedCode":"https://www.youtube.com/embed/FvCLP6hIv8A?list=PLxyGaR3hEy3hMp_J9qFG7KYLFOmhkp4-C","description":"▶ To download Lecture Notes, Practice Sheet & Practice Sheet Video Solution, Visit MANZIL Batch in Batch Section of PhysicsWallah App/Website. 📲PW App Link - https://bit.ly/YTAI_Jee 🌐PW Website - ht","duration":"7:12:35","publishedAt":"2021-07-03T19:58:08Z","_id":"646b1c673fc40900185c97cf","createdAt":"2023-05-22T07:40:23.094Z"},"dRoomId":"","isBatchDoubtEnabled":false}]}