{"data":[{"_id":"60ad14e805e03400186e2cfa","isFree":false,"status":"PENDING","date":"2021-07-21T00:00:01.000Z","startTime":"2021-07-21T13:30:01.000Z","isDPPNotes":false,"homeworkIds":[{"_id":"60f82605bef10700856ab4e6","actions":["Open","Download","Print"],"topic":"Complete Organic Chemistry : Lect Notes","note":"Classnotes","attachmentIds":[{"_id":"60f825fd677d7e00124358fe","name":"Manzil Batch- complete organic chemistry-Pankaj Sir_20072021-Final (1)_compressed-compressed.pdf","baseUrl":"https://d1qs8w2pzjtoy9.cloudfront.net/","key":"5eb393ee95fab7468a79d189/d0028255-0dc5-4015-ba97-befefa7d3a85.pdf"}],"batchSubjectId":"60ad14e805e03400186e2cd0"}],"dRoomId":"","isBatchDoubtEnabled":false},{"_id":"60f5484342403b00b7ed822a","isFree":false,"status":"PENDING","date":"2021-07-19T18:29:59.000Z","startTime":"2021-07-19T09:30:59.000Z","isDPPNotes":false,"homeworkIds":[{"_id":"60f5482d17a577023a117d30","actions":["Open","Download","Print"],"topic":"Environmental Chemistry : Lect Notes","note":"Classnotes","attachmentIds":[{"_id":"60f548272bf12800be9c990b","name":"Environmental Chemistry in 1 Shot (Harsh Sir) Manzil.pdf","baseUrl":"https://d1qs8w2pzjtoy9.cloudfront.net/","key":"5eb393ee95fab7468a79d189/45dbfb46-3c2a-4516-a82c-8bf0fc255b29.pdf"}],"batchSubjectId":"60ad14e805e03400186e2cd0"}],"dRoomId":"","isBatchDoubtEnabled":false},{"_id":"60ad14e805e03400186e2ce0","isFree":false,"status":"PENDING","date":"2021-07-19T00:00:01.000Z","startTime":"2021-07-19T08:30:01.000Z","isDPPNotes":false,"homeworkIds":[{"_id":"60f53e78c99e750072781079","actions":["Open","Download","Print"],"topic":"Chemistry in Everyday Life : Lect Notes","note":"Classnotes","attachmentIds":[{"_id":"60f53e720a3bb701b018b29a","name":"Chemistry in Everyday Life in 1 Shot (Harsh Sir) Manzil_compressed.pdf","baseUrl":"https://d1qs8w2pzjtoy9.cloudfront.net/","key":"5eb393ee95fab7468a79d189/64882e25-8710-442a-b4e2-9bd1bdedf923.pdf"}],"batchSubjectId":"60ad14e805e03400186e2cd0"}],"dRoomId":"","isBatchDoubtEnabled":false},{"_id":"60f430360fc516001878b76f","isFree":false,"status":"PENDING","date":"2021-07-18T18:29:59.000Z","startTime":"2021-07-18T13:30:59.000Z","isDPPNotes":false,"homeworkIds":[{"_id":"60f4301117a577023a103462","actions":["Open","Download","Print"],"topic":"Biomolecules : Practice Sheet","note":"DPP","attachmentIds":[{"_id":"60f4300fe7ffe400186e2eb4","name":"Biomolecules.....pdf","baseUrl":"https://d1qs8w2pzjtoy9.cloudfront.net/","key":"5eb393ee95fab7468a79d189/ebb75487-aea5-47d3-800f-2b8c8832eb67.pdf"}],"batchSubjectId":"60ad14e805e03400186e2cd0"},{"_id":"60f42fe4675842025988dded","actions":["Open","Download","Print"],"topic":"Biomolecules : Lect Notes","note":"Classnotes","attachmentIds":[{"_id":"60f42fe0e2d22f0018d15254","name":"Biomolecules In 1 Shot-(Lec-01) (Harsh Sir)_compressed.pdf","baseUrl":"https://d1qs8w2pzjtoy9.cloudfront.net/","key":"5eb393ee95fab7468a79d189/924d23df-a6fa-4452-9067-654ad2a95f90.pdf"}],"batchSubjectId":"60ad14e805e03400186e2cd0"}],"dRoomId":"","isBatchDoubtEnabled":false},{"_id":"60f3befe65e6810062e721c4","isFree":false,"status":"PENDING","date":"2021-07-18T18:29:59.000Z","startTime":"2021-07-18T05:30:59.000Z","isDPPNotes":false,"homeworkIds":[{"_id":"60f3beabedf1b60050b8161f","actions":["Open","Download","Print"],"topic":"METALLURGY : Lect Notes","note":"Classnotes","attachmentIds":[{"_id":"60f3be9cdc93d800188deb30","name":"Metallurgy 1 One Shot Dolly Mam_compressed.pdf","baseUrl":"https://d1qs8w2pzjtoy9.cloudfront.net/","key":"5eb393ee95fab7468a79d189/46a3ba33-fced-4e9e-ba5a-bbf62917bcc0.pdf"}],"batchSubjectId":"60ad14e805e03400186e2cd0"}],"dRoomId":"","isBatchDoubtEnabled":false},{"_id":"60ad14e805e03400186e2d21","isFree":false,"status":"PENDING","date":"2021-07-17T00:00:01.000Z","startTime":"2021-07-17T09:30:01.000Z","isDPPNotes":false,"homeworkIds":[{"_id":"60f2b78d9b356f0018246d66","actions":["Open","Download","Print"],"topic":"D & F Block : Lect Notes","note":"Classnotes","attachmentIds":[{"_id":"60f2b7858ca645001883ad6a","name":"D&F Block In 1 Short Mohan Sir_compressed.pdf","baseUrl":"https://d1qs8w2pzjtoy9.cloudfront.net/","key":"5eb393ee95fab7468a79d189/58960fa4-b2a9-4e7a-b7bf-ee62682baa92.pdf"}],"batchSubjectId":"60ad14e805e03400186e2cd0"}],"dRoomId":"","isBatchDoubtEnabled":false},{"_id":"60f4295ac37b330011312129","isFree":false,"status":"PENDING","date":"2021-07-17T18:29:59.000Z","startTime":"2021-07-17T04:30:59.000Z","isDPPNotes":false,"homeworkIds":[{"_id":"60f2cd260f1e960011efbd7b","actions":["Open","Download","Print"],"topic":"Polymers : Lect Notes","note":"Classnotes","attachmentIds":[{"_id":"60f2cd1f6e6ca30063a0de61","name":"Polymer 1 Shot Manzil Batch_Harsh Sir_compressed.pdf","baseUrl":"https://d1qs8w2pzjtoy9.cloudfront.net/","key":"5eb393ee95fab7468a79d189/475deb35-20b2-4062-a443-c418724bc1ab.pdf"}],"batchSubjectId":"60ad14e805e03400186e2cd0"}],"dRoomId":"","isBatchDoubtEnabled":false},{"_id":"60f1c86a1ca2a60018b87c0b","isFree":false,"status":"PENDING","date":"2021-07-16T18:29:59.000Z","startTime":"2021-07-16T17:30:59.000Z","isDPPNotes":false,"homeworkIds":[{"_id":"60f1c85051f1ee001867f8f7","actions":["Open","Download","Print"],"topic":"Surface Chemistry : Lect Notes","note":"Classnotes","attachmentIds":[{"_id":"60f1c8499deb3700113940db","name":"Surface chemistry One Shot (Dolly Mam) Manzil Batch_compressed.pdf","baseUrl":"https://d1qs8w2pzjtoy9.cloudfront.net/","key":"5eb393ee95fab7468a79d189/e8e7599c-b408-408d-a953-608d5f58c98b.pdf"}],"batchSubjectId":"60ad14e805e03400186e2cd0"}],"dRoomId":"","isBatchDoubtEnabled":false},{"_id":"60f177a4c2208a0018dbf3e4","isFree":false,"status":"PENDING","date":"2021-07-16T18:29:59.000Z","startTime":"2021-07-16T11:30:59.000Z","isDPPNotes":false,"homeworkIds":[{"_id":"60f177833f109c0011ee62a3","actions":["Open","Download","Print"],"topic":"Amines : Lect Notes","note":"Classnotes","attachmentIds":[{"_id":"60f1777b6eca2800121a6afa","name":"Amines_Chemistry_Manzil Batch_(Harsh Sir )_compressed.pdf","baseUrl":"https://d1qs8w2pzjtoy9.cloudfront.net/","key":"5eb393ee95fab7468a79d189/a79f8cfd-ae68-4052-9c48-7bb78de69f6d.pdf"}],"batchSubjectId":"60ad14e805e03400186e2cd0"}],"dRoomId":"","isBatchDoubtEnabled":false},{"_id":"60ad14e805e03400186e2d14","isFree":false,"status":"PENDING","date":"2021-07-16T00:00:01.000Z","startTime":"2021-07-16T09:30:01.000Z","isDPPNotes":false,"homeworkIds":[{"_id":"60f1593a311ed10018e59f8a","actions":["Open","Download","Print"],"topic":"Redox Reaction : Lect Notes","note":"Classnotes","attachmentIds":[{"_id":"60f159343435750018307a9d","name":"Redox Reaction In1 Shot (Dolly Mam) Manzil_compressed.pdf","baseUrl":"https://d1qs8w2pzjtoy9.cloudfront.net/","key":"5eb393ee95fab7468a79d189/452ad1a9-8188-497f-a2d6-b01e457e5395.pdf"}],"batchSubjectId":"60ad14e805e03400186e2cd0"}],"dRoomId":"","isBatchDoubtEnabled":false},{"_id":"60ad14e805e03400186e2d07","isFree":false,"status":"PENDING","date":"2021-07-15T00:00:01.000Z","startTime":"2021-07-15T10:30:01.000Z","isDPPNotes":false,"homeworkIds":[{"_id":"60f011c090eb7100661db969","actions":["Open","Download","Print"],"topic":"P Block : Lect Notes","note":"Classnotes","attachmentIds":[{"_id":"60f011bb8d00ec007d84ffe5","name":"P Block (Mohan sir) Manzil_compressed.pdf","baseUrl":"https://d1qs8w2pzjtoy9.cloudfront.net/","key":"5eb393ee95fab7468a79d189/d433b5c6-6035-46e7-99af-aec9db274cb0.pdf"}],"batchSubjectId":"60ad14e805e03400186e2cd0"}],"dRoomId":"","isBatchDoubtEnabled":false},{"_id":"60ef0fc065d1020018a03039","isFree":false,"status":"PENDING","date":"2021-07-14T18:29:59.000Z","startTime":"2021-07-14T15:30:59.000Z","isDPPNotes":false,"homeworkIds":[{"_id":"60ef0e29e12a0900111e0bf4","actions":["Open","Download","Print"],"topic":"Solutions : Practice Sheet","note":"Classnotes","attachmentIds":[{"_id":"60ef0e10fb236900473c5473","name":"Solutions.pdf","baseUrl":"https://d1qs8w2pzjtoy9.cloudfront.net/","key":"5eb393ee95fab7468a79d189/c539b7ee-e73a-4a10-89f4-88160dba9102.pdf"}],"batchSubjectId":"60ad14e805e03400186e2cd0"}],"dRoomId":"","isBatchDoubtEnabled":false},{"_id":"60ef0fe0bd4d7f001909dde1","isFree":false,"status":"PENDING","date":"2021-07-14T18:29:59.000Z","startTime":"2021-07-14T15:30:59.000Z","isDPPNotes":false,"homeworkIds":[{"_id":"60ef0e7bdebd2b0018881843","actions":["Open","Download","Print"],"topic":"Haloalkane and Haloarene : Practice Sheet","note":"DPP","attachmentIds":[{"_id":"60ef0e6697b2050018792e38","name":"Haloalkane and haloarene_1st Proof.pdf","baseUrl":"https://d1qs8w2pzjtoy9.cloudfront.net/","key":"5eb393ee95fab7468a79d189/c86e58c9-7790-488d-9932-88b41928f7d4.pdf"}],"batchSubjectId":"60ad14e805e03400186e2cd0"}],"dRoomId":"","isBatchDoubtEnabled":false},{"_id":"60ef10054ee6810011738456","isFree":false,"status":"PENDING","date":"2021-07-14T18:29:59.000Z","startTime":"2021-07-14T15:30:59.000Z","isDPPNotes":false,"homeworkIds":[{"_id":"60ef0f17b635580011fecde0","actions":["Open","Download","Print"],"topic":"P Block Elements : Practice Sheet","note":"DPP","attachmentIds":[{"_id":"60ef0efff134bf0011aa20f2","name":"p-Block Elements-DPP-01_Manzil Batch.pdf","baseUrl":"https://d1qs8w2pzjtoy9.cloudfront.net/","key":"5eb393ee95fab7468a79d189/4b8b8bac-9d76-497e-a106-36e5ba796a5c.pdf"}],"batchSubjectId":"60ad14e805e03400186e2cd0"}],"dRoomId":"","isBatchDoubtEnabled":false},{"_id":"60ef11c3ee6dec001159f5a9","isFree":false,"status":"PENDING","date":"2021-07-14T18:29:59.000Z","startTime":"2021-07-14T15:30:59.000Z","isDPPNotes":false,"homeworkIds":[{"_id":"60ef11a79de9100011394bdb","actions":["Open","Download","Print"],"topic":"Alcohol, Phenol and Ether : Practice Sheet","note":"DPP","attachmentIds":[{"_id":"60ef11a41b54a50018c55409","name":"Alchol Phenol and ether DPP Chemistry.pdf","baseUrl":"https://d1qs8w2pzjtoy9.cloudfront.net/","key":"5eb393ee95fab7468a79d189/6a58a401-5e7b-48b1-885a-527083c8652b.pdf"}],"batchSubjectId":"60ad14e805e03400186e2cd0"}],"dRoomId":"","isBatchDoubtEnabled":false},{"_id":"60ef1366db9f700018310306","isFree":false,"status":"PENDING","date":"2021-07-14T18:29:59.000Z","startTime":"2021-07-14T15:30:59.000Z","isDPPNotes":false,"homeworkIds":[{"_id":"60ef11a79de9100011394bdb","actions":["Open","Download","Print"],"topic":"Alcohol, Phenol and Ether : Practice Sheet","note":"DPP","attachmentIds":[{"_id":"60ef11a41b54a50018c55409","name":"Alchol Phenol and ether DPP Chemistry.pdf","baseUrl":"https://d1qs8w2pzjtoy9.cloudfront.net/","key":"5eb393ee95fab7468a79d189/6a58a401-5e7b-48b1-885a-527083c8652b.pdf"}],"batchSubjectId":"60ad14e805e03400186e2cd0"}],"dRoomId":"","isBatchDoubtEnabled":false},{"_id":"60eee4266b825a0011c809d5","isFree":false,"status":"PENDING","date":"2021-07-14T18:29:59.000Z","startTime":"2021-07-14T12:30:59.000Z","isDPPNotes":false,"homeworkIds":[{"_id":"60eee40aef66400011d920cd","actions":["Open","Download","Print"],"topic":"Aldehyde Ketone and Carboxylic Acid : Lect Notes","note":"Classnotes","attachmentIds":[{"_id":"60eee3ec97a63a0018181cb1","name":"ALDEHYDE KETONE AND CARBOXYLIC ACID-L-01 (Harsh sir) Manzil_compressed.pdf","baseUrl":"https://d1qs8w2pzjtoy9.cloudfront.net/","key":"5eb393ee95fab7468a79d189/c39b921d-7f9c-425c-8685-755e64dd9dea.pdf"}],"batchSubjectId":"60ad14e805e03400186e2cd0"}],"dRoomId":"","isBatchDoubtEnabled":false},{"_id":"60ad14e805e03400186e2cf9","isFree":false,"status":"PENDING","date":"2021-07-14T00:00:01.000Z","startTime":"2021-07-14T09:30:01.000Z","isDPPNotes":false,"homeworkIds":[{"_id":"60eeb49ce3e2ba001187ce58","actions":["Open","Download","Print"],"topic":"Solutions : Lect Notes","note":"Classnotes","attachmentIds":[{"_id":"60eeb4921814da001152adaf","name":"Solutions-Manzil Batch-Pankaj Sir-14072021F_compressed.pdf","baseUrl":"https://d1qs8w2pzjtoy9.cloudfront.net/","key":"5eb393ee95fab7468a79d189/0b7b13be-83d0-4aac-a426-45243e413c40.pdf"}],"batchSubjectId":"60ad14e805e03400186e2cd0"}],"dRoomId":"","isBatchDoubtEnabled":false},{"_id":"60edcaeabc894e001829491c","isFree":false,"status":"PENDING","date":"2021-07-13T18:29:59.000Z","startTime":"2021-07-13T17:10:59.000Z","isDPPNotes":false,"homeworkIds":[{"_id":"60edcab8cbfb760018447ba7","actions":["Open","Download","Print"],"topic":"Chemical Kinetics : Lect Notes","note":"Classnotes","attachmentIds":[{"_id":"60edcab05974f5001836b41c","name":"Chemical kinetics (Mohan sir) Umeed_compressed.pdf","baseUrl":"https://d1qs8w2pzjtoy9.cloudfront.net/","key":"5eb393ee95fab7468a79d189/f547c09f-aa4a-44cc-96cf-6436a3b2e437.pdf"}],"batchSubjectId":"60ad14e805e03400186e2cd0"}],"dRoomId":"","isBatchDoubtEnabled":false},{"_id":"60ed8066532d3c0011a53faa","isFree":false,"status":"PENDING","date":"2021-07-13T18:29:59.000Z","startTime":"2021-07-13T11:30:59.000Z","isDPPNotes":false,"homeworkIds":[{"_id":"60ed7fdab95b03001895f449","actions":["Open","Download","Print"],"topic":"Solid State : Practice Sheet","note":"DPP","attachmentIds":[{"_id":"60ed7fd38815f000113dbe59","name":"Solid State-DPP-01_Manzil Batch_.pdf","baseUrl":"https://d1qs8w2pzjtoy9.cloudfront.net/","key":"5eb393ee95fab7468a79d189/22aba0db-8d2b-4621-b19b-16a7321fad4b.pdf"}],"batchSubjectId":"60ad14e805e03400186e2cd0"}],"dRoomId":"","isBatchDoubtEnabled":false},{"_id":"60ed4bb01803c200115d092b","isFree":false,"status":"PENDING","date":"2021-07-13T18:29:59.000Z","startTime":"2021-07-13T07:30:59.000Z","isDPPNotes":false,"homeworkIds":[{"_id":"60ed4b8d527f3600185fcc16","actions":["Open","Download","Print"],"topic":"Ionic Equilibrium : Practice Sheet","note":"DPP","attachmentIds":[{"_id":"60ed4b62c509df0011971bce","name":"Ionic Equilibrium_Manzil Batch.pdf","baseUrl":"https://d1qs8w2pzjtoy9.cloudfront.net/","key":"5eb393ee95fab7468a79d189/608d6ee1-3737-4bfb-9154-ec2a20b0c355.pdf"}],"batchSubjectId":"60ad14e805e03400186e2cd0"}],"dRoomId":"","isBatchDoubtEnabled":false},{"_id":"60ed4c8bb7c34900116136be","isFree":false,"status":"PENDING","date":"2021-07-13T18:29:59.000Z","startTime":"2021-07-13T07:30:59.000Z","isDPPNotes":false,"homeworkIds":[{"_id":"60ed4c716cf72300181bf56a","actions":["Open","Download","Print"],"topic":"Hydrocarbons : Practice Sheet","note":"DPP","attachmentIds":[{"_id":"60ed4c50ce4cf70011f8f8bb","name":"Hydrocarbon_Manzil Batch (1).pdf","baseUrl":"https://d1qs8w2pzjtoy9.cloudfront.net/","key":"5eb393ee95fab7468a79d189/8d618db4-efbf-4f4f-b0a6-289d75f1d0f1.pdf"}],"batchSubjectId":"60ad14e805e03400186e2cd0"}],"dRoomId":"","isBatchDoubtEnabled":false},{"_id":"60ec9e6233b27a0011d51ee0","isFree":false,"status":"PENDING","date":"2021-07-12T18:29:59.000Z","startTime":"2021-07-12T18:20:59.000Z","isDPPNotes":false,"homeworkIds":[{"_id":"60ec9e2a49f9c40201aef251","actions":["Open","Download","Print"],"topic":"Solid State : Lect Notes","note":"Classnotes","attachmentIds":[{"_id":"60ec9e1cf8834500fbc2251c","name":"Solid State (Dolly Mam) Manzil_compressed.pdf","baseUrl":"https://d1qs8w2pzjtoy9.cloudfront.net/","key":"5eb393ee95fab7468a79d189/69d4722d-3f69-48f7-9b6a-d7e946ab25ab.pdf"}],"batchSubjectId":"60ad14e805e03400186e2cd0"}],"dRoomId":"","isBatchDoubtEnabled":false},{"_id":"60ad14e805e03400186e2cdf","isFree":false,"status":"PENDING","date":"2021-07-12T00:00:01.000Z","startTime":"2021-07-12T12:30:01.000Z","isDPPNotes":false,"homeworkIds":[{"_id":"60ec3d7d9aedd70011cf9a95","actions":["Open","Download","Print"],"topic":"Alcohol, Phenol and Ether : Lect Notes","note":"Classnotes","attachmentIds":[{"_id":"60ec3d6e10d9420091281848","name":"Alcohol, Phenol and Ether_Chemistry_Harsh Sir (manzil)_compressed_removed.pdf","baseUrl":"https://d1qs8w2pzjtoy9.cloudfront.net/","key":"5eb393ee95fab7468a79d189/ed216b04-b30c-47c3-b2bb-0a386eaadcab.pdf"}],"batchSubjectId":"60ad14e805e03400186e2cd0"}],"dRoomId":"","isBatchDoubtEnabled":false},{"_id":"60eb14ba05a3700011cbdb1b","isFree":false,"status":"PENDING","date":"2021-07-11T18:29:59.000Z","startTime":"2021-07-11T15:30:59.000Z","isDPPNotes":false,"homeworkIds":[{"_id":"60eb149041b69500701d1341","actions":["Open","Download","Print"],"topic":"Electrochemistry : Lect Notes","note":"Classnotes","attachmentIds":[{"_id":"60eb1489edf365001892a7e5","name":"Electro Chemistry-Manzil Batch-Pankaj Sir-11072021F_compressed.pdf","baseUrl":"https://d1qs8w2pzjtoy9.cloudfront.net/","key":"5eb393ee95fab7468a79d189/03ae5885-511e-42ce-b90e-6dd592d8d581.pdf"}],"batchSubjectId":"60ad14e805e03400186e2cd0"}],"dRoomId":"","isBatchDoubtEnabled":false},{"_id":"60eae4ba45f5db00113f2f07","isFree":false,"status":"PENDING","date":"2021-07-11T18:29:59.000Z","startTime":"2021-07-11T12:30:59.000Z","isDPPNotes":false,"homeworkIds":[{"_id":"60eae4a3c106280011005224","actions":["Open","Download","Print"],"topic":"Haloalkanes & Haloarenes : Lect Notes","note":"Classnotes","attachmentIds":[{"_id":"60eae498839d8600181ba7d1","name":"Haloalkanes and Haloarenes_Chemistry_Manzil Batch_Harsh Sir_compressed.pdf","baseUrl":"https://d1qs8w2pzjtoy9.cloudfront.net/","key":"5eb393ee95fab7468a79d189/8a2af537-ca9f-4920-92f0-54893237ff7f.pdf"}],"batchSubjectId":"60ad14e805e03400186e2cd0"}],"dRoomId":"","isBatchDoubtEnabled":false},{"_id":"60e9f7b57a48ab00112bb25e","isFree":false,"status":"PENDING","date":"2021-07-10T18:29:59.000Z","startTime":"2021-07-10T18:30:59.000Z","isDPPNotes":false,"homeworkIds":[{"_id":"60e9f77651cf0e001a991c8a","actions":["Open","Download","Print"],"topic":"Ionic Equilibrium : Lect Notes","note":"Classnotes","attachmentIds":[{"_id":"60e9f756d95fc30011e543d7","name":"Ionic Equilibrium-Manzil Batch-Pankaj Sir final_compressed.pdf","baseUrl":"https://d1qs8w2pzjtoy9.cloudfront.net/","key":"5eb393ee95fab7468a79d189/e5a4c1ee-92cd-4729-b51b-4278b242a312.pdf"}],"batchSubjectId":"60ad14e805e03400186e2cd0"}],"dRoomId":"","isBatchDoubtEnabled":false},{"_id":"60e9ced586d93f0011fd8d14","isFree":false,"status":"PENDING","date":"2021-07-10T18:29:59.000Z","startTime":"2021-07-10T16:30:59.000Z","isDPPNotes":false,"homeworkIds":[{"_id":"60e9ce96ba9d8300956f240d","actions":["Open","Download","Print"],"topic":"Hydrocarbons : Lect Notes","note":"Classnotes","attachmentIds":[{"_id":"60e9ce90e7b9b30011ef440c","name":"Hydrocarbon_Chemistry_Manzil Batch_Harsh Sir_removed_compressed.pdf","baseUrl":"https://d1qs8w2pzjtoy9.cloudfront.net/","key":"5eb393ee95fab7468a79d189/3ef6c18b-aa01-4861-9e28-76d860769115.pdf"}],"batchSubjectId":"60ad14e805e03400186e2cd0"}],"dRoomId":"","isBatchDoubtEnabled":false},{"_id":"60ad14e805e03400186e2d20","isFree":false,"status":"PENDING","date":"2021-07-10T00:00:01.000Z","startTime":"2021-07-10T11:30:01.000Z","isDPPNotes":false,"homeworkIds":[{"_id":"60e98453e276780018e696c1","actions":["Open","Download","Print"],"topic":"Hydrogen and S-Block : Practice Sheet","note":"DPP","attachmentIds":[{"_id":"60e984504219dd007fc21cb7","name":"Hydrogen Family & s-block.pdf","baseUrl":"https://d1qs8w2pzjtoy9.cloudfront.net/","key":"5eb393ee95fab7468a79d189/603e725c-effa-4181-9384-56f6c835b042.pdf"}],"batchSubjectId":"60ad14e805e03400186e2cd0"}],"dRoomId":"","isBatchDoubtEnabled":false},{"_id":"60e84b2ce4b20700116de79e","isFree":false,"status":"PENDING","date":"2021-07-09T18:29:59.000Z","startTime":"2021-07-09T12:30:59.000Z","isDPPNotes":false,"homeworkIds":[{"_id":"60e84b0c2e4dcf00117d5a9c","actions":["Open","Download","Print"],"topic":"Coordination Compound : Practice Sheet","note":"DPP","attachmentIds":[{"_id":"60e84b050f925200186899e4","name":"Cordination Compounds_Chemistry.pdf","baseUrl":"https://d1qs8w2pzjtoy9.cloudfront.net/","key":"5eb393ee95fab7468a79d189/c06a2609-5c6c-467a-9951-b6608390064c.pdf"}],"batchSubjectId":"60ad14e805e03400186e2cd0"}],"dRoomId":"","isBatchDoubtEnabled":false},{"_id":"60e84057ce7e200011194720","isFree":false,"status":"PENDING","date":"2021-07-09T18:29:59.000Z","startTime":"2021-07-09T11:30:59.000Z","isDPPNotes":false,"homeworkIds":[{"_id":"60e8402aaaedf50011be3803","actions":["Open","Download","Print"],"topic":"Hydrogen and S-Block : Lect Notes","note":"Classnotes","attachmentIds":[{"_id":"60e8402524ed7a00182cf306","name":"Hydrozen and S block (Mohan sir) Manzil_compressed.pdf","baseUrl":"https://d1qs8w2pzjtoy9.cloudfront.net/","key":"5eb393ee95fab7468a79d189/471859ad-c18d-4818-b84f-51514638b65e.pdf"}],"batchSubjectId":"60ad14e805e03400186e2cd0"}],"dRoomId":"","isBatchDoubtEnabled":false},{"_id":"60e7fc64658d230019fde8dc","isFree":false,"status":"PENDING","date":"2021-07-09T18:29:59.000Z","startTime":"2021-07-09T07:30:59.000Z","isDPPNotes":false,"homeworkIds":[{"_id":"60e7fafeae9ec00018a72852","actions":["Open","Download","Print"],"topic":"GOC (Part 2) : Practice Sheet","note":"DPP","attachmentIds":[{"_id":"60e7fee33d3dfc0018a99935","name":"GOC_removed.pdf","baseUrl":"https://d1qs8w2pzjtoy9.cloudfront.net/","key":"5eb393ee95fab7468a79d189/379a4ebc-e112-4160-ba49-b3ba6178836f.pdf"}],"batchSubjectId":"60ad14e805e03400186e2cd0"}],"dRoomId":"","isBatchDoubtEnabled":false},{"_id":"60ad14e805e03400186e2d13","isFree":false,"status":"PENDING","date":"2021-07-09T00:00:01.000Z","startTime":"2021-07-09T06:30:01.000Z","isDPPNotes":false,"homeworkIds":[{"_id":"60e7fc0fdfd0a900189a764f","actions":["Open","Download","Print"],"topic":"Chemical Equilibrium : Lect Notes","note":"Classnotes","attachmentIds":[{"_id":"60e7fc0a6f7c57001101f5a9","name":"Chemical equilibrium_Chemistry_Manzil Batch_Pankaj Sir_F_09072021_compressed.pdf","baseUrl":"https://d1qs8w2pzjtoy9.cloudfront.net/","key":"5eb393ee95fab7468a79d189/53eeb172-36c6-4b8f-8680-dfd983bb89f6.pdf"}],"batchSubjectId":"60ad14e805e03400186e2cd0"},{"_id":"60e7fa8d6277880011e72b8e","actions":["Open","Download","Print"],"topic":"Chemical Equilibrium : Practice Sheet","note":"DPP","attachmentIds":[{"_id":"60e800900c458b0014fcbaf8","name":"chemical equilibrium DPP - _removed.pdf","baseUrl":"https://d1qs8w2pzjtoy9.cloudfront.net/","key":"5eb393ee95fab7468a79d189/e17e3a72-181e-481b-8c1e-bc3e4e2de789.pdf"}],"batchSubjectId":"60ad14e805e03400186e2cd0"}],"dRoomId":"","isBatchDoubtEnabled":false},{"_id":"60e6eddfe28c3d00180b504c","isFree":false,"status":"PENDING","date":"2021-07-08T18:29:59.000Z","startTime":"2021-07-08T10:15:59.000Z","isDPPNotes":false,"homeworkIds":[{"_id":"60e6ed9eaf22100011b33cfe","actions":["Open","Download","Print"],"topic":"GOC (Part 2) : Lect Notes","note":"Classnotes","attachmentIds":[{"_id":"60e6fa89767e1b0018138baa","name":"GOC HARSH SIR (MANZIL)_compressed_removed.pdf","baseUrl":"https://d1qs8w2pzjtoy9.cloudfront.net/","key":"5eb393ee95fab7468a79d189/f475586e-41cb-4553-bb07-0028c4147285.pdf"}],"batchSubjectId":"60ad14e805e03400186e2cd0"}],"dRoomId":"","isBatchDoubtEnabled":false},{"_id":"60ad14e805e03400186e2d06","isFree":false,"status":"PENDING","date":"2021-07-08T00:00:01.000Z","startTime":"2021-07-08T06:30:01.000Z","isDPPNotes":false,"homeworkIds":[{"_id":"60e73db4a0674100129369a5","actions":["Open","Download","Print"],"topic":"Thermochemistry : Practice Sheet","note":"Classnotes","attachmentIds":[{"_id":"60e73da033d9d50011429aa6","name":"Thermochemistry dpp.pdf","baseUrl":"https://d1qs8w2pzjtoy9.cloudfront.net/","key":"5eb393ee95fab7468a79d189/69e0a9ec-85f1-439e-b9d7-cf8672ad869d.pdf"}],"batchSubjectId":"60ad14e805e03400186e2cd0"},{"_id":"60e6a8e001cca20011a28c65","actions":["Open","Download","Print"],"topic":"Thermochemistry : Lect Notes","note":"Classnotes","attachmentIds":[{"_id":"60e6c755b4d77c0011995946","name":"Thermo Chemistry-Manzil Batch-Pankaj Sir-08072021 (1)_compressed_removed.pdf","baseUrl":"https://d1qs8w2pzjtoy9.cloudfront.net/","key":"5eb393ee95fab7468a79d189/1f4e5084-ff63-4233-97bf-d2f60cbc223d.pdf"}],"batchSubjectId":"60ad14e805e03400186e2cd0"}],"dRoomId":"","isBatchDoubtEnabled":false},{"_id":"60e5e62c9e11120018ffd0f6","isFree":false,"status":"PENDING","date":"2021-07-07T18:29:59.000Z","startTime":"2021-07-07T16:30:59.000Z","isDPPNotes":false,"homeworkIds":[{"_id":"60e5e534f20932005fb75e52","actions":["Open","Download","Print"],"topic":"Coordination Compound : Lect notes","note":"NOTES","attachmentIds":[{"_id":"60e5e52f75bbc50068f552c1","name":"Coordination Compounds  (Mohan sor) Manzil.pdf","baseUrl":"https://d1qs8w2pzjtoy9.cloudfront.net/","key":"5eb393ee95fab7468a79d189/946fa3d6-0f1b-45c9-849f-02ed58484381.pdf"}],"batchSubjectId":"60ad14e805e03400186e2cd0"}],"dRoomId":"","isBatchDoubtEnabled":false}]}