{"data":[{"_id":"60ad14e805e03400186e2cfa","restrictedSchedule":false,"restrictedTime":0,"urlType":"youtube","tags":[{"_id":"60e69912cafdba001269537f","name":"Manzil Sprint"}],"isFree":false,"isChatEnabled":false,"status":"PENDING","date":"2021-07-21T00:00:01.000Z","startTime":"2021-07-21T13:30:01.000Z","endTime":"2021-07-21T13:30:01.000Z","timeline":[],"isCommentDisabled":false,"topic":"Complete Organic Chemistry in One Shot","url":"https://www.youtube.com/embed/kEUlG3_Ouxs","isDPPVideos":false,"isDoubtEnabled":false,"isPathshala":false,"videoDetails":{"name":"Complete ORGANIC CHEMISTRY in 6 Hours - Best Revision Lecture for JEE Main 🔥","image":"https://i.ytimg.com/vi/kEUlG3_Ouxs/mqdefault.jpg","embedCode":"https://www.youtube.com/embed/kEUlG3_Ouxs","description":"📑 TOPICS COVERED IN THIS LECTURE - IUPAC Isomerism General Organic Chemistry Hydrocarbons Organic Compounds Containing Halogen Alcohol, Phenol & Ether Aldehydes, Ketones and Carboxylic Acid Organic C","duration":"6:10:53","_id":"60fd5c2d040747001102ec9b","createdAt":"2021-07-25T12:42:21.775Z"},"dRoomId":"","isBatchDoubtEnabled":false},{"_id":"60f5484342403b00b7ed822a","restrictedSchedule":false,"restrictedTime":0,"urlType":"youtube","tags":[{"_id":"60e69912cafdba001269537f","name":"Manzil Sprint"}],"isFree":false,"isChatEnabled":false,"isCommentDisabled":false,"status":"PENDING","topic":"Environmental Chemistry in One Shot","date":"2021-07-19T18:29:59.000Z","startTime":"2021-07-19T09:30:59.000Z","endTime":"2021-07-19T09:30:59.000Z","timeline":[],"url":"https://www.youtube.com/embed/JEvHdVvZ2Kc","isDPPVideos":false,"isDoubtEnabled":false,"isPathshala":false,"videoDetails":{"name":"ENVIRONMENTAL CHEMISTRY in One Shot - Full Chapter Revision | Class 12 | JEE Main","image":"https://i.ytimg.com/vi/JEvHdVvZ2Kc/mqdefault.jpg","embedCode":"https://www.youtube.com/embed/JEvHdVvZ2Kc","description":"📑 TOPICS COVERED IN THIS LECTURE - 1 Environmental Pollution 2 Atmospheric Pollution        2.1Tropospheric Pollution        2.2 Stratospheric Pollution 3 Water Pollution        3.1 Causes of Water P","duration":"27:16","_id":"60f854313e01b0007cf443ad","createdAt":"2021-07-21T17:06:57.161Z"},"dRoomId":"","isBatchDoubtEnabled":false},{"_id":"60ad14e805e03400186e2ce0","restrictedSchedule":false,"restrictedTime":0,"urlType":"youtube","tags":[{"_id":"60e69912cafdba001269537f","name":"Manzil Sprint"}],"isFree":false,"isChatEnabled":false,"status":"PENDING","date":"2021-07-19T00:00:01.000Z","startTime":"2021-07-19T08:30:01.000Z","endTime":"2021-07-19T08:30:01.000Z","timeline":[],"isCommentDisabled":false,"topic":"Chemistry in Everyday Life in One Shot","url":"https://www.youtube.com/embed/FugrbPXmThU","isDPPVideos":false,"isDoubtEnabled":false,"isPathshala":false,"videoDetails":{"name":"CHEMISTRY IN EVERYDAY LIFE in One Shot - Full Chapter Revision | Class 12 | JEE Main","image":"https://i.ytimg.com/vi/FugrbPXmThU/mqdefault.jpg","embedCode":"https://www.youtube.com/embed/FugrbPXmThU","description":"📑 TOPICS COVERED IN THIS LECTURE - 1 Drugs and their Classification  2 Drug-Target Interaction  3 Therapeutic Action of Different Classes of Drugs  4 Chemicals in Food  5 Cleansing Agents   To downlo","duration":"55:28","_id":"60f853f10b49e6006697e95f","createdAt":"2021-07-21T17:05:53.521Z"},"dRoomId":"","isBatchDoubtEnabled":false},{"_id":"60f430360fc516001878b76f","restrictedSchedule":false,"restrictedTime":0,"urlType":"youtube","tags":[{"_id":"60e69912cafdba001269537f","name":"Manzil Sprint"}],"isFree":false,"isChatEnabled":false,"isCommentDisabled":false,"status":"PENDING","topic":"Biomolecules in One Shot","date":"2021-07-18T18:29:59.000Z","startTime":"2021-07-18T13:30:59.000Z","endTime":"2021-07-18T13:30:59.000Z","timeline":[],"url":"https://www.youtube.com/embed/FhMLrf1Sghk","isDPPVideos":false,"isDoubtEnabled":false,"isPathshala":false,"videoDetails":{"name":"BIOMOLECULES in One Shot - Full Chapter Revision | Class 12 | JEE Main","image":"https://i.ytimg.com/vi/FhMLrf1Sghk/mqdefault.jpg","embedCode":"https://www.youtube.com/embed/FhMLrf1Sghk","description":"💥 REGISTER FOR ALL INDIA JEE MAINS MOCK CUM SCHOLARSHIP TEST 👉 https://bit.ly/AIMExamJee  📝 TOPICS COVERED IN THIS LECTURE -  1 Carbohydrates  2 Proteins  3 Enzymes  4 Vitamins  5 Nucleic Acids  6 ","duration":"1:48:43","_id":"60f85392985c7401308070de","createdAt":"2021-07-21T17:04:18.284Z"},"dRoomId":"","isBatchDoubtEnabled":false},{"_id":"60f3befe65e6810062e721c4","restrictedSchedule":false,"restrictedTime":0,"urlType":"youtube","tags":[{"_id":"60e69912cafdba001269537f","name":"Manzil Sprint"}],"isFree":false,"isChatEnabled":false,"isCommentDisabled":false,"status":"PENDING","topic":"METALLURGY : Lect Notes (PDF Only)","date":"2021-07-18T18:29:59.000Z","startTime":"2021-07-18T05:30:59.000Z","endTime":"2021-07-18T05:30:59.000Z","timeline":[],"url":"https://www.youtube.com/embed/XMDLd5yu86U","isDPPVideos":false,"isDoubtEnabled":false,"isPathshala":false,"videoDetails":{"name":"METALLURGY in One Shot - Full Chapter Revision | Class 12 | JEE Main","image":"https://i.ytimg.com/vi/XMDLd5yu86U/mqdefault.jpg","embedCode":"https://www.youtube.com/embed/XMDLd5yu86U","description":"💥 REGISTER FOR ALL INDIA JEE MAINS MOCK CUM SCHOLARSHIP TEST 👉 https://bit.ly/AIMExamJee  📝 TOPICS COVERED IN THIS LECTURE -  1. Occurrence of Metals  2. Concentration of Ores  3. Extraction of Cru","duration":"1:37:06","_id":"60f8535dd0e91801543f0c58","createdAt":"2021-07-21T17:03:25.407Z"},"dRoomId":"","isBatchDoubtEnabled":false},{"_id":"60ad14e805e03400186e2d21","restrictedSchedule":false,"restrictedTime":0,"urlType":"youtube","tags":[{"_id":"60e69912cafdba001269537f","name":"Manzil Sprint"}],"isFree":false,"isChatEnabled":false,"status":"PENDING","date":"2021-07-17T00:00:01.000Z","startTime":"2021-07-17T09:30:01.000Z","endTime":"2021-07-17T09:30:01.000Z","timeline":[],"isCommentDisabled":false,"topic":"D & F Block in Shot","url":"https://www.youtube.com/embed/djAdR5b-Ejo","isDPPVideos":false,"isDoubtEnabled":false,"isPathshala":false,"videoDetails":{"name":"D & F BLOCK in One Shot - Full Chapter Revision | Class 12 | JEE Main","image":"https://i.ytimg.com/vi/djAdR5b-Ejo/mqdefault.jpg","embedCode":"https://www.youtube.com/embed/djAdR5b-Ejo","description":"💥 REGISTER FOR ALL INDIA JEE MAINS MOCK CUM SCHOLARSHIP TEST 👉 https://bit.ly/AIMExamJee    To download Lecture Notes, Practice Sheet & Practice Sheet Video Solution, Visit MANZIL Batch in Batch Sec","duration":"1:30:10","_id":"60f428d4d1f6a9021182806b","createdAt":"2021-07-18T13:12:52.003Z"},"dRoomId":"","isBatchDoubtEnabled":false},{"_id":"60f4295ac37b330011312129","restrictedSchedule":false,"restrictedTime":0,"urlType":"youtube","tags":[{"_id":"60e69912cafdba001269537f","name":"Manzil Sprint"}],"isFree":false,"isChatEnabled":false,"isCommentDisabled":false,"status":"PENDING","topic":"Polymers in One Shot","date":"2021-07-17T18:29:59.000Z","startTime":"2021-07-17T04:30:59.000Z","endTime":"2021-07-17T04:30:59.000Z","url":"https://www.youtube.com/embed/aW5tgGTzgiE","timeline":[],"isDPPVideos":false,"isDoubtEnabled":false,"isPathshala":false,"videoDetails":{"name":"POLYMERS in One Shot - Full Chapter Revision | Class 12 | JEE Main","image":"https://i.ytimg.com/vi/aW5tgGTzgiE/mqdefault.jpg","embedCode":"https://www.youtube.com/embed/aW5tgGTzgiE","description":"💥 REGISTER FOR ALL INDIA JEE MAINS MOCK CUM SCHOLARSHIP TEST 👉 https://bit.ly/AIMExamJee    To download Lecture Notes, Practice Sheet & Practice Sheet Video Solution, Visit MANZIL Batch in Batch Sec","duration":"1:29:47","_id":"60f4297411eab7005eb27c50","createdAt":"2021-07-18T13:15:32.297Z"},"dRoomId":"","isBatchDoubtEnabled":false},{"_id":"60f1c86a1ca2a60018b87c0b","restrictedSchedule":false,"restrictedTime":0,"urlType":"youtube","tags":[{"_id":"60e69912cafdba001269537f","name":"Manzil Sprint"}],"isFree":false,"isChatEnabled":false,"isCommentDisabled":false,"status":"PENDING","topic":"Surface Chemistry in One Shot","date":"2021-07-16T18:29:59.000Z","startTime":"2021-07-16T17:30:59.000Z","endTime":"2021-07-16T17:30:59.000Z","timeline":[],"url":"https://www.youtube.com/embed/dvKO5_6xkSg","isDPPVideos":false,"isDoubtEnabled":false,"isPathshala":false,"videoDetails":{"name":"SURFACE CHEMISTRY in One Shot - Physical Chemistry Syllabus Completed 🥳","image":"https://i.ytimg.com/vi/dvKO5_6xkSg/mqdefault.jpg","embedCode":"https://www.youtube.com/embed/dvKO5_6xkSg","description":"💥 REGISTER FOR ALL INDIA JEE MAINS MOCK CUM SCHOLARSHIP TEST 👉 https://bit.ly/AIMExamJee    To download Lecture Notes, Practice Sheet & Practice Sheet Video Solution, Visit MANZIL Batch in Batch Sec","duration":"2:19:25","_id":"60f4289e35848b00a845187d","createdAt":"2021-07-18T13:11:58.730Z"},"dRoomId":"","isBatchDoubtEnabled":false},{"_id":"60f177a4c2208a0018dbf3e4","restrictedSchedule":false,"restrictedTime":0,"urlType":"youtube","tags":[{"_id":"60e69912cafdba001269537f","name":"Manzil Sprint"}],"isFree":false,"isChatEnabled":false,"isCommentDisabled":false,"status":"PENDING","topic":"Amines in One Shot","date":"2021-07-16T18:29:59.000Z","startTime":"2021-07-16T11:30:59.000Z","endTime":"2021-07-16T11:30:59.000Z","timeline":[],"url":"https://www.youtube.com/embed/uYOUelwlDwQ","isDPPVideos":false,"isDoubtEnabled":false,"isPathshala":false,"videoDetails":{"name":"AMINES in One Shot - Full Chapter Revision | Class 12 | JEE Main","image":"https://i.ytimg.com/vi/uYOUelwlDwQ/mqdefault.jpg","embedCode":"https://www.youtube.com/embed/uYOUelwlDwQ","description":"💥 REGISTER FOR ALL INDIA JEE MAINS MOCK CUM SCHOLARSHIP TEST 👉 https://bit.ly/AIMExamJee    To download Lecture Notes, Practice Sheet & Practice Sheet Video Solution, Visit MANZIL Batch in Batch Sec","duration":"1:44:51","_id":"60f289d0ddc029001110ccbe","createdAt":"2021-07-17T07:42:08.340Z"},"dRoomId":"","isBatchDoubtEnabled":false},{"_id":"60ad14e805e03400186e2d14","restrictedSchedule":false,"restrictedTime":0,"urlType":"youtube","tags":[{"_id":"60e69912cafdba001269537f","name":"Manzil Sprint"}],"isFree":false,"isChatEnabled":false,"status":"PENDING","date":"2021-07-16T00:00:01.000Z","startTime":"2021-07-16T09:30:01.000Z","endTime":"2021-07-16T09:30:01.000Z","timeline":[],"isCommentDisabled":false,"topic":"Redox Reaction in One Shot","url":"https://www.youtube.com/embed/gDyqCOSVflA","isDPPVideos":false,"isDoubtEnabled":false,"isPathshala":false,"videoDetails":{"name":"REDOX REACTION in One Shot - Full Chapter Revision | Class 12 | JEE Main","image":"https://i.ytimg.com/vi/gDyqCOSVflA/mqdefault.jpg","embedCode":"https://www.youtube.com/embed/gDyqCOSVflA","description":"💥 REGISTER FOR ALL INDIA JEE MAINS MOCK CUM SCHOLARSHIP TEST 👉 https://bit.ly/AIMExamJee    To download Lecture Notes, Practice Sheet & Practice Sheet Video Solution, Visit MANZIL Batch in Batch Sec","duration":"1:51:56","_id":"60f2896d913865001d599be0","createdAt":"2021-07-17T07:40:29.553Z"},"dRoomId":"","isBatchDoubtEnabled":false},{"_id":"60ad14e805e03400186e2d07","restrictedSchedule":false,"restrictedTime":0,"urlType":"youtube","tags":[{"_id":"60e69912cafdba001269537f","name":"Manzil Sprint"}],"isFree":false,"isChatEnabled":false,"status":"PENDING","date":"2021-07-15T00:00:01.000Z","startTime":"2021-07-15T10:30:01.000Z","endTime":"2021-07-15T10:30:01.000Z","timeline":[],"isCommentDisabled":false,"topic":"P Block in One Shot","url":"https://www.youtube.com/embed/n3ZC-Jn9aAs","isDPPVideos":false,"isDoubtEnabled":false,"isPathshala":false,"videoDetails":{"name":"P-BLOCK in One Shot - Full Chapter Revision | Class 12 | JEE Main","image":"https://i.ytimg.com/vi/n3ZC-Jn9aAs/mqdefault.jpg","embedCode":"https://www.youtube.com/embed/n3ZC-Jn9aAs","description":"💥 REGISTER FOR ALL INDIA JEE MAINS MOCK CUM SCHOLARSHIP TEST 👉 https://bit.ly/AIMExamJee    To download Lecture Notes, Practice Sheet & Practice Sheet Video Solution, Visit MANZIL Batch in Batch Sec","duration":"2:20:29","_id":"60f1847f35158d001119cd6d","createdAt":"2021-07-16T13:07:11.315Z"},"dRoomId":"","isBatchDoubtEnabled":false},{"_id":"60ad14e805e03400186e2cf9","restrictedSchedule":false,"restrictedTime":0,"urlType":"youtube","tags":[{"_id":"60e69912cafdba001269537f","name":"Manzil Sprint"}],"isFree":false,"isChatEnabled":false,"status":"PENDING","date":"2021-07-14T00:00:01.000Z","startTime":"2021-07-14T09:30:01.000Z","endTime":"2021-07-14T09:30:01.000Z","timeline":[],"isCommentDisabled":false,"topic":"Solutions in One Shot","url":"https://www.youtube.com/embed/V7IhNvWMO0A","isDPPVideos":false,"isDoubtEnabled":false,"isPathshala":false,"videoDetails":{"name":"SOLUTIONS in One Shot - Full Chapter Revision | Class 12 | JEE Main","image":"https://i.ytimg.com/vi/V7IhNvWMO0A/mqdefault.jpg","embedCode":"https://www.youtube.com/embed/V7IhNvWMO0A","description":"💥 REGISTER FOR ALL INDIA JEE MAINS MOCK CUM SCHOLARSHIP TEST 👉 https://bit.ly/AIMExamJee    To download Lecture Notes, Practice Sheet & Practice Sheet Video Solution, Visit MANZIL Batch in Batch Sec","duration":"1:46:30","_id":"60f184400b72780011bc0ec9","createdAt":"2021-07-16T13:06:08.848Z"},"dRoomId":"","isBatchDoubtEnabled":false},{"_id":"60edcaeabc894e001829491c","restrictedSchedule":false,"restrictedTime":0,"urlType":"youtube","tags":[{"_id":"60e69912cafdba001269537f","name":"Manzil Sprint"}],"isFree":false,"isChatEnabled":false,"isCommentDisabled":false,"status":"PENDING","topic":"Chemical Kinetics in One Shot","date":"2021-07-13T18:29:59.000Z","startTime":"2021-07-13T17:10:59.000Z","endTime":"2021-07-13T17:10:59.000Z","timeline":[],"url":"https://www.youtube.com/embed/rZez4RYwKRI","isDPPVideos":false,"isDoubtEnabled":false,"isPathshala":false,"videoDetails":{"name":"CHEMICAL KINETICS in One Shot - Full Chapter Revision | Class 12 | JEE Main","image":"https://i.ytimg.com/vi/rZez4RYwKRI/mqdefault.jpg","embedCode":"https://www.youtube.com/embed/rZez4RYwKRI","description":"💥 REGISTER FOR ALL INDIA JEE MAINS MOCK CUM SCHOLARSHIP TEST 👉 https://bit.ly/AIMExamJee    To download Lecture Notes, Practice Sheet & Practice Sheet Video Solution, Visit MANZIL Batch in Batch Sec","duration":"1:51:19","_id":"60f1840ae4453f003b33c409","createdAt":"2021-07-16T13:05:14.961Z"},"dRoomId":"","isBatchDoubtEnabled":false},{"_id":"60ec9e6233b27a0011d51ee0","restrictedSchedule":false,"restrictedTime":0,"urlType":"youtube","tags":[{"_id":"60e69912cafdba001269537f","name":"Manzil Sprint"}],"isFree":false,"isChatEnabled":false,"isCommentDisabled":false,"status":"PENDING","topic":"Solid State in One Shot","date":"2021-07-12T18:29:59.000Z","startTime":"2021-07-12T18:20:59.000Z","endTime":"2021-07-12T18:20:59.000Z","timeline":[],"url":"https://www.youtube.com/embed/4dtMNoAsOUw","isDPPVideos":false,"isDoubtEnabled":false,"isPathshala":false,"videoDetails":{"name":"SOLID STATE in One Shot - Full Chapter Revision | Class 12 | JEE Main","image":"https://i.ytimg.com/vi/4dtMNoAsOUw/mqdefault.jpg","embedCode":"https://www.youtube.com/embed/4dtMNoAsOUw","description":"💥 REGISTER FOR ALL INDIA JEE MAINS MOCK CUM SCHOLARSHIP TEST 👉 https://bit.ly/AIMExamJee    To download Lecture Notes, Practice Sheet & Practice Sheet Video Solution, Visit MANZIL Batch in Batch Sec","duration":"4:07:36","_id":"60eeb055e904a600114a43b7","createdAt":"2021-07-14T09:37:25.431Z"},"dRoomId":"","isBatchDoubtEnabled":false},{"_id":"60ad14e805e03400186e2cdf","restrictedSchedule":false,"restrictedTime":0,"urlType":"youtube","tags":[{"_id":"60e69912cafdba001269537f","name":"Manzil Sprint"}],"isFree":false,"isChatEnabled":false,"status":"PENDING","date":"2021-07-12T00:00:01.000Z","startTime":"2021-07-12T12:30:01.000Z","endTime":"2021-07-12T12:30:01.000Z","timeline":[],"isCommentDisabled":false,"topic":"Alcohol, Phenol and Ether in in One Shot","url":"https://www.youtube.com/embed/VM2xAehlxo4","isDPPVideos":false,"isDoubtEnabled":false,"isPathshala":false,"videoDetails":{"name":"ALCOHOLS, PHENOLS & ETHERS in One Shot - Full Chapter Revision | Class 12 | JEE Main","image":"https://i.ytimg.com/vi/VM2xAehlxo4/mqdefault.jpg","embedCode":"https://www.youtube.com/embed/VM2xAehlxo4","description":"💥 REGISTER FOR ALL INDIA JEE MAINS MOCK CUM SCHOLARSHIP TEST 👉 https://bit.ly/AIMExamJee    To download Lecture Notes, Practice Sheet & Practice Sheet Video Solution, Visit MANZIL Batch in Batch Sec","duration":"2:02:15","_id":"60eeb01cf93f9a0011ab5687","createdAt":"2021-07-14T09:36:28.151Z"},"dRoomId":"","isBatchDoubtEnabled":false},{"_id":"60eb14ba05a3700011cbdb1b","restrictedSchedule":false,"restrictedTime":0,"urlType":"youtube","tags":[{"_id":"60e69912cafdba001269537f","name":"Manzil Sprint"}],"isFree":false,"isChatEnabled":false,"isCommentDisabled":false,"status":"PENDING","topic":"Electrochemistry in One Shot","date":"2021-07-11T18:29:59.000Z","startTime":"2021-07-11T15:30:59.000Z","endTime":"2021-07-11T15:30:59.000Z","timeline":[],"url":"https://www.youtube.com/embed/u9Oxgid_aaU","isDPPVideos":false,"isDoubtEnabled":false,"isPathshala":false,"videoDetails":{"name":"ELECTROCHEMISTRY in One Shot - Full Chapter Revision | Class 12 | JEE Mains","image":"https://i.ytimg.com/vi/u9Oxgid_aaU/mqdefault.jpg","embedCode":"https://www.youtube.com/embed/u9Oxgid_aaU","description":"▶ To download Lecture Notes, Practice Sheet & Practice Sheet Video Solution, Visit MANZIL Batch in Batch Section of PhysicsWallah App(http://bit.ly/3ru9Agh)  📝 Note: This Batch is Completely FREE, Yo","duration":"2:38:45","_id":"623d5613c583570011ab12b4","createdAt":"2022-03-25T05:41:39.105Z"},"dRoomId":"","isBatchDoubtEnabled":false},{"_id":"60eae4ba45f5db00113f2f07","restrictedSchedule":false,"restrictedTime":0,"urlType":"youtube","tags":[{"_id":"60e69912cafdba001269537f","name":"Manzil Sprint"}],"isFree":false,"isChatEnabled":false,"isCommentDisabled":false,"status":"PENDING","topic":"Haloalkanes & Haloarenes in One Shot","date":"2021-07-11T18:29:59.000Z","startTime":"2021-07-11T12:30:59.000Z","endTime":"2021-07-11T12:30:59.000Z","timeline":[],"url":"https://www.youtube.com/embed/WiolycLduKE","isDPPVideos":false,"isDoubtEnabled":false,"isPathshala":false,"videoDetails":{"name":"HALOALKANES AND HALOARENES in One Shot - Full Chapter Revision | Class 12 | JEE Mains","image":"https://i.ytimg.com/vi/WiolycLduKE/mqdefault.jpg","embedCode":"https://www.youtube.com/embed/WiolycLduKE","description":"💥 REGISTER FOR ALL INDIA JEE MAINS MOCK CUM SCHOLARSHIP TEST 👉 https://bit.ly/AIMExamJee    To download Lecture Notes, Practice Sheet & Practice Sheet Video Solution, Visit MANZIL Batch in Batch Sec","duration":"1:53:41","_id":"60eeaf22129f6a00181e440d","createdAt":"2021-07-14T09:32:18.964Z"},"dRoomId":"","isBatchDoubtEnabled":false},{"_id":"60e9f7b57a48ab00112bb25e","restrictedSchedule":false,"restrictedTime":0,"urlType":"youtube","tags":[{"_id":"60e69912cafdba001269537f","name":"Manzil Sprint"}],"isFree":false,"isChatEnabled":false,"isCommentDisabled":false,"status":"PENDING","topic":"Ionic Equilibrium in One Shot","date":"2021-07-10T18:29:59.000Z","startTime":"2021-07-10T18:30:59.000Z","endTime":"2021-07-10T18:30:59.000Z","timeline":[],"url":"https://www.youtube.com/embed/QGg0vAqqQ2Q","isDPPVideos":false,"isDoubtEnabled":false,"isPathshala":false,"videoDetails":{"name":"IONIC EQUILIBRIUM in One Shot - Full Chapter Revision | Class 11 | JEE Main","image":"https://i.ytimg.com/vi/QGg0vAqqQ2Q/mqdefault.jpg","embedCode":"https://www.youtube.com/embed/QGg0vAqqQ2Q","description":"💥 REGISTER FOR ALL INDIA JEE MAINS MOCK CUM SCHOLARSHIP TEST 👉 https://bit.ly/AIMExamJee    To download Lecture Notes, Practice Sheet & Practice Sheet Video Solution, Visit MANZIL Batch in Batch Sec","duration":"2:24:15","_id":"60eeaee793a13a00110d229b","createdAt":"2021-07-14T09:31:19.539Z"},"dRoomId":"","isBatchDoubtEnabled":false},{"_id":"60e9ced586d93f0011fd8d14","restrictedSchedule":false,"restrictedTime":0,"urlType":"youtube","tags":[{"_id":"60e69912cafdba001269537f","name":"Manzil Sprint"}],"isFree":false,"isChatEnabled":false,"isCommentDisabled":false,"status":"PENDING","topic":"Hydrocarbons in One Shot","date":"2021-07-10T18:29:59.000Z","startTime":"2021-07-10T16:30:59.000Z","endTime":"2021-07-10T16:30:59.000Z","timeline":[],"url":"https://www.youtube.com/embed/Y6SU-qGruiQ","isDPPVideos":false,"isDoubtEnabled":false,"isPathshala":false,"videoDetails":{"name":"HYDROCARBONS in One Shot - Full Chapter Revision | Class 11 | JEE Main","image":"https://i.ytimg.com/vi/Y6SU-qGruiQ/mqdefault.jpg","embedCode":"https://www.youtube.com/embed/Y6SU-qGruiQ","description":"💥 REGISTER FOR ALL INDIA JEE MAINS MOCK CUM SCHOLARSHIP TEST 👉 https://bit.ly/AIMExamJee    To download Lecture Notes, Practice Sheet & Practice Sheet Video Solution, Visit MANZIL Batch in Batch Sec","duration":"2:06:00","_id":"60eeaeb2af6ed70011e4f108","createdAt":"2021-07-14T09:30:26.566Z"},"dRoomId":"","isBatchDoubtEnabled":false},{"_id":"60e84057ce7e200011194720","restrictedSchedule":false,"restrictedTime":0,"urlType":"youtube","tags":[{"_id":"60e69912cafdba001269537f","name":"Manzil Sprint"}],"isFree":false,"isChatEnabled":false,"isCommentDisabled":false,"status":"PENDING","topic":"Hydrogen and S-Block in One Shot","date":"2021-07-09T18:29:59.000Z","startTime":"2021-07-09T11:30:59.000Z","endTime":"2021-07-09T11:30:59.000Z","timeline":[],"url":"https://www.youtube.com/embed/WbWSwJJjjcQ","isDPPVideos":false,"isDoubtEnabled":false,"isPathshala":false,"videoDetails":{"name":"HYDROGEN & S-BLOCK in One Shot - Full Chapter Revision | Class 11 | JEE Main","image":"https://i.ytimg.com/vi/WbWSwJJjjcQ/mqdefault.jpg","embedCode":"https://www.youtube.com/embed/WbWSwJJjjcQ","description":"To download Lecture Notes, Practice Sheet & Practice Sheet Video Solution, Visit MANZIL Batch in Batch Section of PW App(http://bit.ly/3ru9Agh).  📝 Note: This Batch is Completely FREE, You just have ","duration":"1:45:35","_id":"60eada6b33b27a0011d1a175","createdAt":"2021-07-11T11:47:55.346Z"},"dRoomId":"","isBatchDoubtEnabled":false},{"_id":"60ad14e805e03400186e2d13","restrictedSchedule":false,"restrictedTime":0,"urlType":"youtube","tags":[{"_id":"60e69912cafdba001269537f","name":"Manzil Sprint"}],"isFree":false,"isChatEnabled":false,"status":"PENDING","date":"2021-07-09T00:00:01.000Z","startTime":"2021-07-09T06:30:01.000Z","endTime":"2021-07-09T06:30:01.000Z","timeline":[],"isCommentDisabled":false,"topic":"Chemical Equilibrium in One Shot","url":"https://www.youtube.com/embed/ZGbDYoVozYc","isDPPVideos":false,"isDoubtEnabled":false,"isPathshala":false,"videoDetails":{"name":"CHEMICAL EQUILIBRIUM in One Shot - Full Chapter Revision | Class 11 | JEE Main","image":"https://i.ytimg.com/vi/ZGbDYoVozYc/mqdefault.jpg","embedCode":"https://www.youtube.com/embed/ZGbDYoVozYc","description":"To download Lecture Notes, Practice Sheet & Practice Sheet Video Solution, Visit MANZIL Batch in Batch Section of PW App(http://bit.ly/3ru9Agh).  📝 Note: This Batch is Completely FREE, You just have ","duration":"1:32:00","_id":"60eada17f41ae800a0bb5ff4","createdAt":"2021-07-11T11:46:31.650Z"},"dRoomId":"","isBatchDoubtEnabled":false},{"_id":"60e6eddfe28c3d00180b504c","restrictedSchedule":false,"restrictedTime":0,"urlType":"youtube","tags":[{"_id":"60e69912cafdba001269537f","name":"Manzil Sprint"}],"isFree":false,"isChatEnabled":false,"isCommentDisabled":false,"status":"PENDING","topic":"GOC (Part 2)","date":"2021-07-08T18:29:59.000Z","startTime":"2021-07-08T10:15:59.000Z","endTime":"2021-07-08T10:15:59.000Z","timeline":[],"url":"https://www.youtube.com/embed/U5qAB_aE6ew","isDPPVideos":false,"isDoubtEnabled":false,"isPathshala":false,"videoDetails":{"name":"GENERAL ORGANIC CHEMISTRY in One Shot - Full Chapter Revision (Part 2) | Class 11 | JEE Main","image":"https://i.ytimg.com/vi/U5qAB_aE6ew/mqdefault.jpg","embedCode":"https://www.youtube.com/embed/U5qAB_aE6ew","description":"Part 1 - https://youtu.be/wOts07kACXg  To download Lecture Notes, Practice Sheet & Practice Sheet Video Solution, Visit MANZIL Batch in Batch Section of PW App(http://bit.ly/3ru9Agh).  📝 Note: This B","duration":"1:28:34","_id":"60ead9f088ac4b0011914811","createdAt":"2021-07-11T11:45:52.611Z"},"dRoomId":"","isBatchDoubtEnabled":false},{"_id":"60ad14e805e03400186e2d06","restrictedSchedule":false,"restrictedTime":0,"urlType":"youtube","tags":[{"_id":"60e69912cafdba001269537f","name":"Manzil Sprint"}],"isFree":false,"isChatEnabled":false,"status":"PENDING","date":"2021-07-08T00:00:01.000Z","startTime":"2021-07-08T06:30:01.000Z","endTime":"2021-07-08T06:30:01.000Z","timeline":[],"isCommentDisabled":false,"topic":"Thermochemistry in One Shot","url":"https://www.youtube.com/embed/IdZaa50B0hQ","isDPPVideos":false,"isDoubtEnabled":false,"isPathshala":false,"videoDetails":{"name":"THERMOCHEMISTRY in One Shot - Full Chapter Revision | Class 11 | JEE Main","image":"https://i.ytimg.com/vi/IdZaa50B0hQ/mqdefault.jpg","embedCode":"https://www.youtube.com/embed/IdZaa50B0hQ","description":"To download Lecture Notes, Practice Sheet & Practice Sheet Video Solution, Visit MANZIL Batch in Batch Section of PW App(http://bit.ly/3ru9Agh).  📝 Note: This Batch is Completely FREE, You just have ","duration":"1:20:42","_id":"60ead9b7b283b00011429304","createdAt":"2021-07-11T11:44:55.840Z"},"dRoomId":"","isBatchDoubtEnabled":false},{"_id":"60e5e62c9e11120018ffd0f6","restrictedSchedule":false,"restrictedTime":0,"urlType":"youtube","tags":[{"_id":"60e69912cafdba001269537f","name":"Manzil Sprint"}],"isFree":false,"isChatEnabled":false,"isCommentDisabled":false,"status":"PENDING","topic":"Coordination Compound in One Shot || Manzil Sprint","date":"2021-07-07T18:29:59.000Z","startTime":"2021-07-07T16:30:59.000Z","endTime":"2021-07-07T16:30:59.000Z","timeline":[],"url":"https://www.youtube.com/embed/pR4pfYygTWo","isDPPVideos":false,"isDoubtEnabled":false,"isPathshala":false,"videoDetails":{"name":"COORDINATION COMPOUND in One Shot - Full Chapter Revision || Class 11 | JEE Main","image":"https://i.ytimg.com/vi/pR4pfYygTWo/mqdefault.jpg","embedCode":"https://www.youtube.com/embed/pR4pfYygTWo","description":"To download Lecture Notes, Visit MANZIL Batch in Batch Section of PW App(http://bit.ly/3ru9Agh).  📝 Note: This Batch is Completely FREE, You just have to click on \"BUY NOW\" button for your enrollment","duration":"2:57:26","_id":"60e7431244a9b70018b54d59","createdAt":"2021-07-08T18:25:22.122Z"},"dRoomId":"","isBatchDoubtEnabled":false}]}