{"data":[{"_id":"6113fb9f4d2c01001806b0c7","isFree":false,"status":"PENDING","date":"2021-08-11T18:29:59.000Z","startTime":"2021-08-11T13:30:59.000Z","isDPPNotes":false,"homeworkIds":[{"_id":"6113dc02f6535f0064b89c81","actions":["Open","Download","Print"],"topic":"Parabola : Practice Sheet Solution","note":"Classnotes","attachmentIds":[{"_id":"6113dbe4c05e870018368b04","name":"final parabola.pdf","baseUrl":"https://d2bps9p1kiy4ka.cloudfront.net/","key":"5eb393ee95fab7468a79d189/9f677328-d1a7-428b-8141-d91a3d906b87.pdf"}],"batchSubjectId":"60ad1533695c02001132e778"}],"dRoomId":"","isBatchDoubtEnabled":false},{"_id":"6112c4754e49c10018dc5915","isFree":false,"status":"PENDING","date":"2021-08-10T18:29:59.000Z","startTime":"2021-08-10T17:30:59.000Z","isDPPNotes":false,"homeworkIds":[{"_id":"6112c43dee2f4e00115df4e4","actions":["Open","Download","Print"],"topic":"Parabola : Practice Sheet","note":"DPP","attachmentIds":[{"_id":"6112c4371d243e00188fc41d","name":"DPP_Parabola_Maths_MANZIL_S. Ali_Vijay Kumar.pdf","baseUrl":"https://d2bps9p1kiy4ka.cloudfront.net/","key":"5eb393ee95fab7468a79d189/b7e4406d-d4ae-4300-ad47-80e9355c17de.pdf"}],"batchSubjectId":"60ad1533695c02001132e778"},{"_id":"6112c41911aaa0001858880c","actions":["Open","Download","Print"],"topic":"Parabola : Lect Notes","note":"Classnotes","attachmentIds":[{"_id":"6112c4131e0e0c0018ac4d8e","name":"Parabola In One Shot ManZil By Kundan Sir_compressed.pdf","baseUrl":"https://d2bps9p1kiy4ka.cloudfront.net/","key":"5eb393ee95fab7468a79d189/4b77b422-0a69-4571-87a0-05f8c9b8447d.pdf"}],"batchSubjectId":"60ad1533695c02001132e778"}],"dRoomId":"","isBatchDoubtEnabled":false}]}