{"data":[{"_id":"6113fb9f4d2c01001806b0c7","restrictedSchedule":false,"restrictedTime":0,"urlType":"youtube","tags":[{"_id":"6112c48cbeb9b1001102055e","name":"Parabola"}],"isFree":false,"isChatEnabled":false,"isCommentDisabled":false,"status":"PENDING","topic":"Parabola : Solution to Practice Sheet","date":"2021-08-11T18:29:59.000Z","startTime":"2021-08-11T13:30:59.000Z","endTime":"2021-08-11T14:30:59.000Z","url":"https://www.youtube.com/embed/jE1cL3GKmHY","timeline":[],"isDPPVideos":false,"isDoubtEnabled":false,"isPathshala":false,"videoDetails":{"name":"Parabola : Solution to Practice Sheet","image":"https://i.ytimg.com/vi/jE1cL3GKmHY/mqdefault.jpg","embedCode":"https://www.youtube.com/embed/jE1cL3GKmHY","description":"","duration":"1:35:09","_id":"6113fbb415533a0011d19a51","createdAt":"2021-08-11T16:32:52.501Z"},"dRoomId":"","isBatchDoubtEnabled":false},{"_id":"6112c4754e49c10018dc5915","restrictedSchedule":false,"restrictedTime":0,"urlType":"youtube","tags":[{"_id":"6112c48cbeb9b1001102055e","name":"Parabola"}],"isFree":false,"isChatEnabled":false,"isCommentDisabled":false,"status":"PENDING","topic":"Parabola in One Shot","date":"2021-08-10T18:29:59.000Z","startTime":"2021-08-10T17:30:59.000Z","endTime":"2021-08-10T17:30:59.000Z","timeline":[],"url":"https://www.youtube.com/embed/9mC1pFc4usM","isDPPVideos":false,"isDoubtEnabled":false,"isPathshala":false,"videoDetails":{"name":"PARABOLA in One Shot - Full Chapter Revision | Class 11 | JEE Main and Advanced","image":"https://i.ytimg.com/vi/9mC1pFc4usM/mqdefault.jpg","embedCode":"https://www.youtube.com/embed/9mC1pFc4usM","description":"📑 TOPICS COVERED IN THIS LECTURE - Definition of Parabola Standard Equation of Parabola Latus Rectum Parametric co-ordinates General Equations Tangent to a Parabola Normal to a Parabola Focal Chord P","duration":"7:10:53","_id":"6113f28ecd9ea300181ca82e","createdAt":"2021-08-11T15:53:50.046Z"},"dRoomId":"","isBatchDoubtEnabled":false}]}