{"data":[{"_id":"60ad14e805e03400186e2cf6","isFree":false,"status":"PENDING","date":"2021-06-23T00:00:01.000Z","startTime":"2021-06-23T10:30:01.000Z","isDPPNotes":false,"homeworkIds":[{"_id":"60d3136145bdd000123bf824","actions":["Open","Download","Print"],"topic":"Isomerism: Practice Sheet Solution","note":"Notes","attachmentIds":[{"_id":"60d3134d27a1840020a07d49","name":"cc015901-358e-4d0f-8955-2f87cb2bacb9.pdf","baseUrl":"https://d1qs8w2pzjtoy9.cloudfront.net/","key":"5eb393ee95fab7468a79d189/b9926cfd-aab9-4a0f-9ced-20ec32cdcf8d.pdf"}],"batchSubjectId":"60ad14e805e03400186e2cd0"}],"dRoomId":"","isBatchDoubtEnabled":false},{"_id":"60ad14e805e03400186e2ce9","isFree":false,"status":"PENDING","date":"2021-06-22T00:00:01.000Z","startTime":"2021-06-22T19:30:01.000Z","isDPPNotes":false,"homeworkIds":[{"_id":"60d19c90de7ab400115aa3cc","actions":["Open","Download","Print"],"topic":"Isomerism:Practice Sheet","note":"DPP","attachmentIds":[{"_id":"60d19c85a2cd5c001f8fc0c7","name":"Isomerism Practice Sheet_Chemistry_Manzil batch.pdf","baseUrl":"https://d1qs8w2pzjtoy9.cloudfront.net/","key":"5eb393ee95fab7468a79d189/dfff322a-ac19-4878-a0f5-0327f4c3da15.pdf"}],"batchSubjectId":"60ad14e805e03400186e2cd0"},{"_id":"60d0f4394684f8001130414e","actions":["Open","Download","Print"],"topic":"Isomerism Lect Notes","note":"NOTES","attachmentIds":[{"_id":"60d0f4355ce48b0011a2d259","name":"isomerismpdf.pdf","baseUrl":"https://d1qs8w2pzjtoy9.cloudfront.net/","key":"5eb393ee95fab7468a79d189/117c667a-acd4-4fb9-a6b2-e93d0b56c193.pdf"}],"batchSubjectId":"60ad14e805e03400186e2cd0"}],"dRoomId":"","isBatchDoubtEnabled":false}]}