{"data":[{"_id":"60ad14e805e03400186e2cf6","restrictedSchedule":false,"restrictedTime":0,"urlType":"youtube","tags":[{"_id":"60d0f449b8668c0011e7f60c","name":"Isomerism"}],"isFree":false,"isChatEnabled":false,"status":"PENDING","date":"2021-06-23T00:00:01.000Z","startTime":"2021-06-23T10:30:01.000Z","endTime":"2021-06-23T10:30:01.000Z","timeline":[],"isCommentDisabled":false,"topic":"Isomerism: Practice Sheet Solution","url":"https://www.youtube.com/embed/5LLh8sVeyrY","isDPPVideos":false,"isDoubtEnabled":false,"isPathshala":false,"videoDetails":{"name":"Isomerism: Solution to Practice Sheet","image":"https://i.ytimg.com/vi/5LLh8sVeyrY/mqdefault.jpg","embedCode":"https://www.youtube.com/embed/5LLh8sVeyrY","description":"","duration":"1:53:20","_id":"60d313eb18d48f00208de3a5","createdAt":"2021-06-23T10:58:51.324Z"},"dRoomId":"","isBatchDoubtEnabled":false},{"_id":"60ad14e805e03400186e2ce9","restrictedSchedule":false,"restrictedTime":0,"urlType":"youtube","tags":[{"_id":"60d0f449b8668c0011e7f60c","name":"Isomerism"}],"isFree":false,"isChatEnabled":false,"status":"PENDING","date":"2021-06-22T00:00:01.000Z","startTime":"2021-06-22T19:30:01.000Z","endTime":"2021-06-22T19:30:01.000Z","timeline":[],"isCommentDisabled":false,"topic":"Isomerism in One Shot","url":"https://www.youtube.com/embed/WuU7m0LT-uM","isDPPVideos":false,"isDoubtEnabled":false,"isPathshala":false,"videoDetails":{"name":"ISOMERISM in 1 Shot - All Concepts, Tricks & PYQs Covered | Class 11 | JEE Main & Advanced","image":"https://i.ytimg.com/vi/WuU7m0LT-uM/mqdefault.jpg","embedCode":"https://www.youtube.com/embed/WuU7m0LT-uM","description":"▶To download Lecture Notes, Practice Sheet & Practice Sheet Video Solution, Visit MANZIL Batch in Batch Section of PW App(http://bit.ly/3ru9Agh).  📝 Note: This Batch is Completely FREE, You just have","duration":"7:16:37","_id":"60d995f3b8964b3c500a7605","createdAt":"2021-06-28T09:27:15.765Z"},"dRoomId":"","isBatchDoubtEnabled":false}]}