{"data":[{"_id":"60ad14e805e03400186e2d02","isFree":false,"status":"PENDING","date":"2021-06-10T00:00:01.000Z","startTime":"2021-06-10T08:30:01.000Z","isDPPNotes":false,"homeworkIds":[{"_id":"60c1cf1a38017c00114de844","actions":["Open","Download","Print"],"topic":"IUPAC : Practice Sheet Solution","note":"Classnotes","attachmentIds":[{"_id":"60c1cf157fd3d0001f53d08d","name":"iupac_compressed.pdf","baseUrl":"https://d1qs8w2pzjtoy9.cloudfront.net/","key":"5eb393ee95fab7468a79d189/2b21f185-1ea1-45ae-816e-3ae643dfb261.pdf"}],"batchSubjectId":"60ad14e805e03400186e2cd0"}],"dRoomId":"","isBatchDoubtEnabled":false},{"_id":"60ad14e805e03400186e2d1b","isFree":false,"status":"PENDING","date":"2021-06-05T00:00:01.000Z","startTime":"2021-06-05T09:30:01.000Z","isDPPNotes":false,"homeworkIds":[{"_id":"60bb460f569d6f0011b4cf04","actions":["Open","Download","Print"],"topic":"IUPAC : Practice Sheet","note":"DPP","attachmentIds":[{"_id":"60bb460db623fb00117a0b5f","name":"IUPAC Nomenclature_Manzil (1).pdf","baseUrl":"https://d1qs8w2pzjtoy9.cloudfront.net/","key":"5eb393ee95fab7468a79d189/72c69baa-a518-407e-a5e6-b5c7989a08e5.pdf"}],"batchSubjectId":"60ad14e805e03400186e2cd0"}],"dRoomId":"","isBatchDoubtEnabled":false},{"_id":"60ad14e805e03400186e2d0e","isFree":false,"status":"PENDING","date":"2021-06-04T00:00:01.000Z","startTime":"2021-06-04T08:30:01.000Z","isDPPNotes":false,"homeworkIds":[{"_id":"60b9e6a02afb5f00116dde5d","actions":["Open","Download","Print"],"topic":"Example of Common Names & IUPAC Name of Some Organic Compounds","note":"NOTES","attachmentIds":[{"_id":"60b9e69ea5027500116758b6","name":"2b96b19b-ec88-4863-bd13-c6993689b149.pdf","baseUrl":"https://d1qs8w2pzjtoy9.cloudfront.net/","key":"5eb393ee95fab7468a79d189/84bcd178-6c0a-4359-9198-c93e26fea61e.pdf"}],"batchSubjectId":"60ad14e805e03400186e2cd0"}],"dRoomId":"","isBatchDoubtEnabled":false},{"_id":"60b8fb59d805fe00388e67e0","isFree":false,"status":"PENDING","date":"2021-06-03T18:29:59.000Z","startTime":"2021-06-03T12:30:59.000Z","isDPPNotes":false,"homeworkIds":[{"_id":"60b8fb1d7c320600116fc86d","actions":["Open","Download","Print"],"topic":"IUPAC : One Shot Lect Notes","note":"NOTES","attachmentIds":[{"_id":"60b8fb1a94678b0019cef2ba","name":"IUPACnomenclature.pdf","baseUrl":"https://d1qs8w2pzjtoy9.cloudfront.net/","key":"5eb393ee95fab7468a79d189/21317fb0-f377-4a15-bc56-a0a86553713d.pdf"}],"batchSubjectId":"60ad14e805e03400186e2cd0"}],"dRoomId":"","isBatchDoubtEnabled":false}]}