{"data":[{"_id":"60ad14e805e03400186e2d02","restrictedSchedule":false,"restrictedTime":0,"urlType":"youtube","tags":[{"_id":"60b8fb6e98cb94004687fd49","name":"IUPAC"}],"isFree":false,"isChatEnabled":false,"status":"PENDING","date":"2021-06-10T00:00:01.000Z","startTime":"2021-06-10T08:30:01.000Z","endTime":"2021-06-10T08:30:01.000Z","timeline":[],"isCommentDisabled":false,"topic":"IUPAC : Solution to Practice Sheet","url":"https://www.youtube.com/embed/yadG2lRixOs","isDPPVideos":false,"isDoubtEnabled":false,"isPathshala":false,"videoDetails":{"name":"IUPAC : Solution to Practice Sheet","image":"https://i.ytimg.com/vi/yadG2lRixOs/mqdefault.jpg","embedCode":"https://www.youtube.com/embed/yadG2lRixOs","description":"","duration":"2:08:39","_id":"60c1d36fef59ba0011d60209","createdAt":"2021-06-10T08:55:11.077Z"},"dRoomId":"","isBatchDoubtEnabled":false},{"_id":"60b8fb59d805fe00388e67e0","restrictedSchedule":false,"restrictedTime":0,"urlType":"youtube","tags":[{"_id":"60b8fb6e98cb94004687fd49","name":"IUPAC"}],"isFree":false,"isChatEnabled":false,"isCommentDisabled":false,"status":"PENDING","topic":"IUPAC : One Shot","date":"2021-06-03T18:29:59.000Z","startTime":"2021-06-03T12:30:59.000Z","endTime":"2021-06-03T12:30:59.000Z","timeline":[],"url":"https://www.youtube.com/embed/-6kfIRp8NWY","isDPPVideos":false,"isDoubtEnabled":false,"isPathshala":false,"videoDetails":{"name":"IUPAC in 1 Shot - All Concepts, Tricks & PYQs Covered | JEE Main & Advanced","image":"https://i.ytimg.com/vi/-6kfIRp8NWY/mqdefault.jpg","embedCode":"https://www.youtube.com/embed/-6kfIRp8NWY","description":"To download Lecture Notes, Practice Sheet & Practice Sheet Video Solution, Visit MANZIL Batch in Batch Section of PW App(http://bit.ly/3ru9Agh).  📝 Note: This Batch is Completely FREE, You just have ","duration":"2:55:55","_id":"60cdc25cb80e360011b38dff","createdAt":"2021-06-19T10:09:32.832Z"},"dRoomId":"","isBatchDoubtEnabled":false}]}