{"data":[{"_id":"61377c95ddb69a00386cf202","isFree":false,"status":"PENDING","date":"2021-09-07T18:29:59.000Z","startTime":"2021-09-07T04:30:59.000Z","isDPPNotes":false,"homeworkIds":[{"_id":"61379bf9ab09c200e3494c4e","actions":["Open","Download","Print"],"topic":"SHM : Practice Sheet","note":"DPP","attachmentIds":[{"_id":"61379bf3bd7eb100592277ab","name":"SHM_Practice Sheet-01_MANZIL BATCH.pdf","baseUrl":"https://d2bps9p1kiy4ka.cloudfront.net/","key":"5eb393ee95fab7468a79d189/bfda569a-ccab-4648-8e65-c7feab665ffd.pdf"}],"batchSubjectId":"60ad14e805e03400186e2cc9"},{"_id":"61377c66d507aa001120bf73","actions":["Open","Download","Print"],"topic":"SHM : Lect Notes","note":"Classnotes","attachmentIds":[{"_id":"61377c2942e66800d862a878","name":"Shm manzil_compressed.pdf","baseUrl":"https://d2bps9p1kiy4ka.cloudfront.net/","key":"5eb393ee95fab7468a79d189/480d6cd5-6d45-4df9-845f-44ab3d76f272.pdf"}],"batchSubjectId":"60ad14e805e03400186e2cc9"}],"dRoomId":"","isBatchDoubtEnabled":false}]}