{"data":[{"_id":"61377c95ddb69a00386cf202","restrictedSchedule":false,"restrictedTime":0,"urlType":"youtube","tags":[{"_id":"61377ccebfec83009cdf71e4","name":"SHM"}],"isFree":false,"isChatEnabled":false,"isDoubtEnabled":false,"isCommentDisabled":false,"status":"PENDING","topic":"SHM in One Shot","date":"2021-09-07T18:29:59.000Z","startTime":"2021-09-07T04:30:59.000Z","endTime":"2021-09-07T04:30:59.000Z","timeline":[],"url":"https://www.youtube.com/embed/anhG2y_Mslc","isDPPVideos":false,"isPathshala":false,"videoDetails":{"name":"SIMPLE HARMONIC MOTION in One Shot - All Concepts & PYQs | Class 11 | JEE Main & Advanced","image":"https://i.ytimg.com/vi/anhG2y_Mslc/mqdefault.jpg","embedCode":"https://www.youtube.com/embed/anhG2y_Mslc","description":"Nothing matters more than your results!! Submit your JEE application on the link below and toppers will get exciting scholarships/prizes. https://forms.gle/VgZbrsCvn71J8ZCs6  ▶ To download Lecture Not","duration":"4:04:50","_id":"61385b0b0b6e4800dc3ddf57","createdAt":"2021-09-08T06:41:15.906Z"},"dRoomId":"","isBatchDoubtEnabled":false}]}