{"data":[{"_id":"60e16cb37085810018914a3d","isFree":false,"status":"PENDING","date":"2021-07-04T18:29:59.000Z","startTime":"2021-07-04T06:30:59.000Z","isDPPNotes":false,"homeworkIds":[{"_id":"60e16bf835e1c70018acc96d","actions":["Open","Download","Print"],"topic":"Elasticity : Practice Sheet Solution","note":"Classnotes","attachmentIds":[{"_id":"60e16bf518806c001855802c","name":"1. Properties of Solid_Practice Sheet-01_MANZIL BATCH.pdf","baseUrl":"https://d1qs8w2pzjtoy9.cloudfront.net/","key":"5eb393ee95fab7468a79d189/4da01b1d-1f86-44dc-b2ee-d172633a011d.pdf"}],"batchSubjectId":"60ad14e805e03400186e2cc9"}],"dRoomId":"","isBatchDoubtEnabled":false},{"_id":"60df32ed8b50ef001a0e228a","isFree":false,"status":"PENDING","date":"2021-07-02T18:29:59.000Z","startTime":"2021-07-02T11:00:59.000Z","isDPPNotes":false,"homeworkIds":[{"_id":"60df4f0ce961e300189a21f9","actions":["Open","Download","Print"],"topic":"Elasticity : Lect Notes","note":"Classnotes","attachmentIds":[{"_id":"60df4f061395c6001117fafd","name":"Mechanical properties of solids_compressed.pdf","baseUrl":"https://d1qs8w2pzjtoy9.cloudfront.net/","key":"5eb393ee95fab7468a79d189/686f803a-2037-4e59-b9df-d605cf852eb5.pdf"}],"batchSubjectId":"60ad14e805e03400186e2cc9"},{"_id":"60df32b38b23790011eeedf5","actions":["Open","Download","Print"],"topic":"Elasticity : Practice Sheet","note":"DPP","attachmentIds":[{"_id":"60df32b05c70aa00181866e0","name":"Properties of Solid_Practice Sheet-01_MANZIL BATCH.pdf","baseUrl":"https://d1qs8w2pzjtoy9.cloudfront.net/","key":"5eb393ee95fab7468a79d189/4d38fe8e-480b-4b36-922e-b8c65fdf90b1.pdf"}],"batchSubjectId":"60ad14e805e03400186e2cc9"}],"dRoomId":"","isBatchDoubtEnabled":false}]}