{"data":[{"_id":"60e16cb37085810018914a3d","restrictedSchedule":false,"restrictedTime":0,"urlType":"youtube","tags":[{"_id":"60df32fa9a08b400114151ef","name":"Elasticity"}],"isFree":false,"isChatEnabled":false,"isCommentDisabled":false,"status":"PENDING","topic":"Elasticity : Solution to Practice Sheet","date":"2021-07-04T18:29:59.000Z","startTime":"2021-07-04T06:30:59.000Z","endTime":"2021-07-04T07:30:59.000Z","url":"https://www.youtube.com/embed/USKgQhZ9kbw","timeline":[],"isDPPVideos":false,"isDoubtEnabled":false,"isPathshala":false,"videoDetails":{"name":"Elasticity : Solution to Practice Sheet","image":"https://i.ytimg.com/vi/USKgQhZ9kbw/mqdefault.jpg","embedCode":"https://www.youtube.com/embed/USKgQhZ9kbw","description":"","duration":"52:23","_id":"60e16cc3cc2b9f0019519930","createdAt":"2021-07-04T08:09:39.646Z"},"dRoomId":"","isBatchDoubtEnabled":false},{"_id":"60df32ed8b50ef001a0e228a","restrictedSchedule":false,"restrictedTime":0,"urlType":"youtube","tags":[{"_id":"60df32fa9a08b400114151ef","name":"Elasticity"}],"isFree":false,"isChatEnabled":false,"isCommentDisabled":false,"status":"PENDING","topic":"Elasticity in One Shot","date":"2021-07-02T18:29:59.000Z","startTime":"2021-07-02T11:00:59.000Z","endTime":"2021-07-02T11:00:59.000Z","timeline":[],"url":"https://www.youtube.com/embed/JmIFDPiWMQg","isDPPVideos":false,"isDoubtEnabled":false,"isPathshala":false,"videoDetails":{"name":"ELASTICITY in One Shot - All Concepts, Tricks & PYQs | Class 11 | JEE Main & Advanced","image":"https://i.ytimg.com/vi/JmIFDPiWMQg/mqdefault.jpg","embedCode":"https://www.youtube.com/embed/JmIFDPiWMQg","description":"To download Lecture Notes, Practice Sheet & Practice Sheet Video Solution, Visit MANZIL Batch in Batch Section of PW App(http://bit.ly/3ru9Agh).  📝 Note: This Batch is Completely FREE, You just have ","duration":"6:09:38","_id":"60e40d7b8a21d6001176298b","createdAt":"2021-07-06T07:59:56.000Z"},"dRoomId":"","isBatchDoubtEnabled":false}]}