{"data":[{"_id":"60bd024b99e5e70098f7392e","isFree":false,"status":"PENDING","date":"2021-06-06T18:29:59.000Z","startTime":"2021-06-06T15:30:59.000Z","isDPPNotes":false,"homeworkIds":[{"_id":"60bd02fc603705007baefa6e","actions":["Open","Download","Print"],"topic":"Kinematics:Solution to Practice Sheet","note":"NOTES","attachmentIds":[{"_id":"60bd02f5195163007e53028f","name":"KI.pdf","baseUrl":"https://d1qs8w2pzjtoy9.cloudfront.net/","key":"5eb393ee95fab7468a79d189/7714a934-430f-4b68-b2a8-47767c6db571.pdf"}],"batchSubjectId":"60ad14e805e03400186e2cc9"}],"dRoomId":"","isBatchDoubtEnabled":false},{"_id":"60ad14e805e03400186e2daa","isFree":false,"status":"PENDING","date":"2021-06-04T00:00:01.000Z","startTime":"2021-06-04T12:30:01.000Z","isDPPNotes":false,"homeworkIds":[{"_id":"60bb27f8d864be0011a40356","actions":["Open","Download","Print"],"topic":"Kinematics: One shot Lect Notes-2","note":"NOTES","attachmentIds":[{"_id":"60bb27d20589f7001174406d","name":"MANZIL.pptx [Autosaved].pdf","baseUrl":"https://d1qs8w2pzjtoy9.cloudfront.net/","key":"5eb393ee95fab7468a79d189/aca5290e-e31a-40ad-9b30-2fec8346ceb1.pdf"}],"batchSubjectId":"60ad14e805e03400186e2cc9"},{"_id":"60bb1922dcf056001107944d","actions":["Open","Download","Print"],"topic":"Kinematics: Practice Sheet","note":"DPP","attachmentIds":[{"_id":"60bdebbbcbd912001984b4fc","name":"Kinematics_Manzil__(Physics).pdf","baseUrl":"https://d1qs8w2pzjtoy9.cloudfront.net/","key":"5eb393ee95fab7468a79d189/028af0be-6a20-40d8-afba-07e8e2cdf08e.pdf"}],"batchSubjectId":"60ad14e805e03400186e2cc9"},{"_id":"60baebc06a03e00011ae7045","actions":["Open","Download","Print"],"topic":"Kinematics: One shot Lect Notes","note":"NOTES","attachmentIds":[{"_id":"60baebb843c7d40011d92ab3","name":"Kinematics Animations Notes (Yug sir) Manzil.pdf","baseUrl":"https://d1qs8w2pzjtoy9.cloudfront.net/","key":"5eb393ee95fab7468a79d189/7974cb01-6d02-4da8-b1bd-8ff9478c541d.pdf"}],"batchSubjectId":"60ad14e805e03400186e2cc9"}],"dRoomId":"","isBatchDoubtEnabled":false}]}