{"data":[{"_id":"60bd024b99e5e70098f7392e","restrictedSchedule":false,"restrictedTime":0,"urlType":"youtube","tags":[{"_id":"60baec73b1e784001842b874","name":"Kinematics"}],"isFree":false,"isChatEnabled":false,"isCommentDisabled":false,"status":"PENDING","topic":"Kinematics : Solution to Practice Sheet","date":"2021-06-06T18:29:59.000Z","startTime":"2021-06-06T15:30:59.000Z","endTime":"2021-06-06T16:30:59.000Z","url":"https://www.youtube.com/embed/4DyFALOV2GY","timeline":[],"isDPPVideos":false,"isDoubtEnabled":false,"isPathshala":false,"videoDetails":{"name":"Kinematics:Solution to Practice Sheet","image":"https://i.ytimg.com/vi/4DyFALOV2GY/mqdefault.jpg","embedCode":"https://www.youtube.com/embed/4DyFALOV2GY","description":"","duration":"2:20:19","_id":"60cdc3079e8d5a0011cc1c9c","createdAt":"2021-06-19T10:12:23.530Z"},"dRoomId":"","isBatchDoubtEnabled":false},{"_id":"60ad14e805e03400186e2daa","restrictedSchedule":false,"restrictedTime":0,"urlType":"youtube","tags":[{"_id":"60baec73b1e784001842b874","name":"Kinematics"}],"isFree":false,"isChatEnabled":false,"status":"PENDING","date":"2021-06-04T00:00:01.000Z","startTime":"2021-06-04T12:30:01.000Z","endTime":"2021-06-04T12:30:01.000Z","timeline":[],"isCommentDisabled":false,"topic":"Kinematics : One shot","url":"https://www.youtube.com/embed/Us4B5Rf1qN0","isDPPVideos":false,"isDoubtEnabled":false,"isPathshala":false,"videoDetails":{"name":"Complete KINEMATICS in 1 Shot - All Concepts, Tricks & PYQs Covered | Class 11 | JEE Main & Advanced","image":"https://i.ytimg.com/vi/Us4B5Rf1qN0/mqdefault.jpg","embedCode":"https://www.youtube.com/embed/Us4B5Rf1qN0","description":"To download Lecture Notes, Practice Sheet & Practice Sheet Video Solution, Visit MANZIL Batch in Batch Section of PW App(http://bit.ly/3ru9Agh).  📝 Note: This Batch is Completely FREE, You just have ","duration":"8:14:28","_id":"60cdc29e2da0c2001fc09cc1","createdAt":"2021-06-19T10:10:38.715Z"},"dRoomId":"","isBatchDoubtEnabled":false}]}