{"data":[{"_id":"60ad14e805e03400186e2cda","isFree":false,"status":"PENDING","date":"2021-06-07T00:00:01.000Z","startTime":"2021-06-07T13:30:01.000Z","isDPPNotes":false,"homeworkIds":[{"_id":"60be232365b6400018e1e09a","actions":["Open","Download","Print"],"topic":"Atomic Structure : Solution to Practice Sheet","note":"Classnotes","attachmentIds":[{"_id":"60be231fccb1c40011a56b45","name":"Structure of Atom_DPP Solution_Manzil Batch.pdf","baseUrl":"https://d1qs8w2pzjtoy9.cloudfront.net/","key":"5eb393ee95fab7468a79d189/15c14cf6-3b34-47e8-8a7f-77c3d1ba95b7.pdf"}],"batchSubjectId":"60ad14e805e03400186e2cd0"}],"dRoomId":"","isBatchDoubtEnabled":false},{"_id":"60bd363999e5e70098f765b0","isFree":false,"status":"PENDING","date":"2021-06-06T18:29:59.000Z","startTime":"2021-06-06T12:30:59.000Z","isDPPNotes":false,"homeworkIds":[{"_id":"60bd3c6521005300690778f0","actions":["Open","Download","Print"],"topic":"Atomic Structure : Lect notes","note":"NOTES","attachmentIds":[{"_id":"60bd3c610e62d90128701080","name":"Atomic Structure Manzil Batch Chemistry Pankaj Sir.pdf","baseUrl":"https://d1qs8w2pzjtoy9.cloudfront.net/","key":"5eb393ee95fab7468a79d189/f9715eef-3729-473f-8000-d5d370d14add.pdf"}],"batchSubjectId":"60ad14e805e03400186e2cd0"},{"_id":"60bd36c466758e0011280c8a","actions":["Open","Download","Print"],"topic":"Atomic Structure: Practice Sheet","note":"DPP","attachmentIds":[{"_id":"60bd36c2139717004e96e6ec","name":"Structure of Atom_MANZIL BATCH.pdf","baseUrl":"https://d1qs8w2pzjtoy9.cloudfront.net/","key":"5eb393ee95fab7468a79d189/3ad95551-6ff8-4ce7-b6a3-d2c7a1b9c202.pdf"}],"batchSubjectId":"60ad14e805e03400186e2cd0"}],"dRoomId":"","isBatchDoubtEnabled":false}]}