{"data":[{"_id":"60ad14e805e03400186e2cda","restrictedSchedule":false,"restrictedTime":0,"urlType":"youtube","tags":[{"_id":"60bd36e5fb0cae0065380afa","name":"Atomic Structure"}],"isFree":false,"isChatEnabled":false,"status":"PENDING","date":"2021-06-07T00:00:01.000Z","startTime":"2021-06-07T13:30:01.000Z","endTime":"2021-06-07T13:30:01.000Z","timeline":[],"isCommentDisabled":false,"topic":"Atomic Structure : Solution to Practice Sheet","url":"https://www.youtube.com/embed/SltTpNrID2o","isDPPVideos":false,"isDoubtEnabled":false,"isPathshala":false,"videoDetails":{"name":"Structure of Atom DPP Discussion","image":"https://i.ytimg.com/vi/SltTpNrID2o/mqdefault.jpg","embedCode":"https://www.youtube.com/embed/SltTpNrID2o","description":"","duration":"1:31:02","_id":"60be25536ecfe40011601265","createdAt":"2021-06-07T13:55:31.439Z"},"dRoomId":"","isBatchDoubtEnabled":false},{"_id":"60bd363999e5e70098f765b0","restrictedSchedule":false,"restrictedTime":0,"urlType":"youtube","tags":[{"_id":"60bd36e5fb0cae0065380afa","name":"Atomic Structure"}],"isFree":false,"isChatEnabled":false,"isCommentDisabled":false,"status":"PENDING","topic":"Atomic Structure One Shot","date":"2021-06-06T18:29:59.000Z","startTime":"2021-06-06T12:30:59.000Z","endTime":"2021-06-06T12:30:59.000Z","timeline":[],"url":"https://www.youtube.com/embed/RCzzG8VnOl4","isDPPVideos":false,"isDoubtEnabled":false,"isPathshala":false,"videoDetails":{"name":"Atomic Structure in 1 Shot - All Concepts, Tricks & PYQs Covered | Class 11 | JEE Main & Advanced","image":"https://i.ytimg.com/vi/RCzzG8VnOl4/mqdefault.jpg","embedCode":"https://www.youtube.com/embed/RCzzG8VnOl4","description":"💥 REGISTER FOR ALL INDIA JEE MAINS MOCK CUM SCHOLARSHIP TEST 👉 https://bit.ly/AIMExamJee    To download Lecture Notes, Practice Sheet & Practice Sheet Video Solution, Visit MANZIL Batch in Batch Sec","duration":"7:55:54","_id":"60f9c0285f08830018d19faf","createdAt":"2021-07-22T18:59:52.563Z"},"dRoomId":"","isBatchDoubtEnabled":false}]}