{"data":[{"_id":"60ba03097236460018a97956","isFree":false,"status":"PENDING","date":"2021-06-04T18:29:59.000Z","startTime":"2021-06-04T09:30:59.000Z","isDPPNotes":false,"homeworkIds":[{"_id":"60ba0347ff96490018bcd773","actions":["Open","Download","Print"],"topic":"Quadratic Equation:Solution to Practice Sheet","note":"NOTES","attachmentIds":[{"_id":"60ba034466b9e6001141115e","name":"Quadratic Equation PPT-01_Manzil Batch_(Mathematics).pdf","baseUrl":"https://d1qs8w2pzjtoy9.cloudfront.net/","key":"5eb393ee95fab7468a79d189/6a2554af-9f38-44fc-b944-d974cb7fff02.pdf"}],"batchSubjectId":"60ad1533695c02001132e778"}],"dRoomId":"","isBatchDoubtEnabled":false},{"_id":"60ad1533695c02001132e799","isFree":false,"status":"PENDING","date":"2021-06-02T00:00:01.000Z","startTime":"2021-06-02T12:30:01.000Z","isDPPNotes":false,"homeworkIds":[{"_id":"60b7d456be99360012abaa9b","actions":["Open","Download","Print"],"topic":"Quadratic Equation: Lect Notes","note":"Notes","attachmentIds":[{"_id":"60b7d453dbdd820011aef647","name":"Quadratic Equation - One Shot_Math_Manzil_Sachin Jakhar Sir.pdf","baseUrl":"https://d1qs8w2pzjtoy9.cloudfront.net/","key":"5eb393ee95fab7468a79d189/f62fb7c4-c536-477a-a5d2-d7226c0e9eae.pdf"}],"batchSubjectId":"60ad1533695c02001132e778"},{"_id":"60b7d40df8c3230018ed5215","actions":["Open","Download","Print"],"topic":"Quadratic Equation: Practice Sheet","note":"DPP","attachmentIds":[{"_id":"60b7d40ae60f8f00180f8348","name":"Quadratic Equation Practice Sheet _Manzil_DPP-01_(Mathematics).pdf","baseUrl":"https://d1qs8w2pzjtoy9.cloudfront.net/","key":"5eb393ee95fab7468a79d189/4b5df54d-8b81-4e89-be3f-7b2b723e13fc.pdf"}],"batchSubjectId":"60ad1533695c02001132e778"}],"dRoomId":"","isBatchDoubtEnabled":false}]}