{"data":[{"_id":"60ba03097236460018a97956","restrictedSchedule":false,"restrictedTime":0,"urlType":"youtube","tags":[{"_id":"60b7d36d91b424001830c8cd","name":"Quadratic Equation"}],"isFree":false,"isChatEnabled":false,"isCommentDisabled":false,"status":"PENDING","topic":"Quadratic Equation : Solution to Practice Sheet","date":"2021-06-04T18:29:59.000Z","startTime":"2021-06-04T09:30:59.000Z","endTime":"2021-06-04T10:30:59.000Z","url":"https://www.youtube.com/embed/zw5CyKPaiWM","timeline":[],"isDPPVideos":false,"isDoubtEnabled":false,"isPathshala":false,"videoDetails":{"name":"Practice Solution of Quadratic Equation","image":"https://i.ytimg.com/vi/zw5CyKPaiWM/mqdefault.jpg","embedCode":"https://www.youtube.com/embed/zw5CyKPaiWM","description":"","duration":"1:15:25","_id":"60cdc2deb80e360011b38e9d","createdAt":"2021-06-19T10:11:42.652Z"},"dRoomId":"","isBatchDoubtEnabled":false},{"_id":"60ad1533695c02001132e799","restrictedSchedule":false,"restrictedTime":0,"urlType":"youtube","tags":[{"_id":"60b7d36d91b424001830c8cd","name":"Quadratic Equation"}],"isFree":false,"isChatEnabled":false,"status":"PENDING","date":"2021-06-02T00:00:01.000Z","startTime":"2021-06-02T12:30:01.000Z","endTime":"2021-06-02T12:30:01.000Z","timeline":[],"isCommentDisabled":false,"topic":"Quadratic Equation : One shot","url":"https://www.youtube.com/embed/iOwi85y9oSE","isDPPVideos":false,"isDoubtEnabled":false,"isPathshala":false,"videoDetails":{"name":"Quadratic Equations in 1 Shot - All Concepts, PYQs Covered | Class 11 | JEE Main & Advanced","image":"https://i.ytimg.com/vi/iOwi85y9oSE/mqdefault.jpg","embedCode":"https://www.youtube.com/embed/iOwi85y9oSE","description":"▶ To download Lecture Notes, Practice Sheet & Practice Sheet Video Solution, Visit MANZIL Batch in Batch Section of PhysicsWallah App/Website. 📲PW App Link - https://bit.ly/YTAI_Jee 🌐PW Website - ht","duration":"6:06:23","publishedAt":"2021-06-02T18:50:18Z","_id":"642290a214de2400184fd0c5","createdAt":"2023-03-28T07:00:50.207Z"},"dRoomId":"","isBatchDoubtEnabled":false}]}