{"data":[{"_id":"60ad1533695c02001132e7b5","isFree":false,"status":"PENDING","date":"2021-06-11T00:00:01.000Z","startTime":"2021-06-11T10:30:01.000Z","isDPPNotes":false,"homeworkIds":[{"_id":"60c3321fd8e2e9664db1d5cf","actions":["Open","Download","Print"],"topic":"Complex Numbers : Practice Sheet Solution","note":"Classnotes","attachmentIds":[{"_id":"60c3321df3a7741f9e653f1a","name":"complex number.pdf","baseUrl":"https://d1qs8w2pzjtoy9.cloudfront.net/","key":"5eb393ee95fab7468a79d189/85099c50-6236-427b-82d9-dc3e56fe8939.pdf"}],"batchSubjectId":"60ad1533695c02001132e778"}],"dRoomId":"","isBatchDoubtEnabled":false},{"_id":"60ad1533695c02001132e79a","isFree":false,"status":"PENDING","date":"2021-06-09T00:00:01.000Z","startTime":"2021-06-09T11:30:01.000Z","isDPPNotes":false,"homeworkIds":[{"_id":"60c1041329ab260011a3fb31","actions":["Open","Download","Print"],"topic":"Complex Numbers lect 02 Notes","note":"NOTES","attachmentIds":[{"_id":"60c104081502f3001195194e","name":"Complex Number(Part-02)-One Shot Manzil (Sachin Jakhar Sir).pdf","baseUrl":"https://d1qs8w2pzjtoy9.cloudfront.net/","key":"5eb393ee95fab7468a79d189/de86f3db-e164-41aa-a688-c909d6d0594c.pdf"}],"batchSubjectId":"60ad1533695c02001132e778"},{"_id":"60c0be6b2ebd360011cda175","actions":["Open","Download","Print"],"topic":"Complex Numbers: Practice Sheet(of Part1 &Part2)","note":"DPP","attachmentIds":[{"_id":"60c0be697266990020d22056","name":"Complex Number_Question Bank _Manzil Batch_(Maths).pdf","baseUrl":"https://d1qs8w2pzjtoy9.cloudfront.net/","key":"5eb393ee95fab7468a79d189/990e4bb8-9cc7-43ee-9b0b-dede11cc9581.pdf"}],"batchSubjectId":"60ad1533695c02001132e778"}],"dRoomId":"","isBatchDoubtEnabled":false},{"_id":"60ad1533695c02001132e7c1","isFree":false,"status":"PENDING","date":"2021-06-05T00:00:01.000Z","startTime":"2021-06-05T12:30:01.000Z","isDPPNotes":false,"homeworkIds":[{"_id":"60bbca5ab697200019c38650","actions":["Open","Download","Print"],"topic":"Complex Numbers: Part-1 lect Notes","note":"NOTES","attachmentIds":[{"_id":"60bbca561de228001806c8eb","name":"Complex Number-Part-1 (Manzil Batch) Sachin Jakhar Sir.pdf","baseUrl":"https://d1qs8w2pzjtoy9.cloudfront.net/","key":"5eb393ee95fab7468a79d189/e2a317e9-7378-4591-a4a9-c335e68e92d9.pdf"}],"batchSubjectId":"60ad1533695c02001132e778"}],"dRoomId":"","isBatchDoubtEnabled":false}]}