{"data":[{"_id":"60ad1533695c02001132e7b5","restrictedSchedule":false,"restrictedTime":0,"urlType":"youtube","tags":[{"_id":"60bbca230b0081004bcd7263","name":"Complex Numbers"}],"isFree":false,"isChatEnabled":false,"status":"PENDING","date":"2021-06-11T00:00:01.000Z","startTime":"2021-06-11T10:30:01.000Z","endTime":"2021-06-11T10:30:01.000Z","timeline":[],"isCommentDisabled":false,"topic":"Complex Numbers : Solution to Practice Sheet","url":"https://www.youtube.com/embed/euLIvXpBpb8","isDPPVideos":false,"isDoubtEnabled":false,"isPathshala":false,"videoDetails":{"name":"Complex Numbers : Solution to Practice Sheet","image":"https://i.ytimg.com/vi/euLIvXpBpb8/mqdefault.jpg","embedCode":"https://www.youtube.com/embed/euLIvXpBpb8","description":"","duration":"2:06:51","_id":"60c33bbc4517f961cdebd28b","createdAt":"2021-06-11T10:32:28.485Z"},"dRoomId":"","isBatchDoubtEnabled":false},{"_id":"60ad1533695c02001132e79a","restrictedSchedule":false,"restrictedTime":0,"urlType":"youtube","tags":[{"_id":"60bbca230b0081004bcd7263","name":"Complex Numbers"}],"isFree":false,"isChatEnabled":false,"status":"PENDING","date":"2021-06-09T00:00:01.000Z","startTime":"2021-06-09T11:30:01.000Z","endTime":"2021-06-09T11:30:01.000Z","timeline":[],"isCommentDisabled":false,"topic":"Complex Numbers One Shot (Part 2)","url":"https://www.youtube.com/embed/Csoxo16bsqM","isDPPVideos":false,"isDoubtEnabled":false,"isPathshala":false,"videoDetails":{"name":"Complex Numbers in 1 Shot (Part 2) - All Concepts, Tricks & PYQs Covered | Class 11 | JEE Main & Adv","image":"https://i.ytimg.com/vi/Csoxo16bsqM/mqdefault.jpg","embedCode":"https://www.youtube.com/embed/Csoxo16bsqM","description":"To download Lecture Notes, Practice Sheet & Practice Sheet Video Solution, Visit MANZIL Batch in Batch Section of PW App(http://bit.ly/3ru9Agh).  📝 Note: This Batch is Completely FREE, You just have ","duration":"5:22:21","_id":"60cdc43bba1a4e001ff64791","createdAt":"2021-06-19T10:17:31.125Z"},"dRoomId":"","isBatchDoubtEnabled":false},{"_id":"60ad1533695c02001132e7c1","restrictedSchedule":false,"restrictedTime":0,"urlType":"youtube","tags":[{"_id":"60bbca230b0081004bcd7263","name":"Complex Numbers"}],"isFree":false,"isChatEnabled":false,"status":"PENDING","date":"2021-06-05T00:00:01.000Z","startTime":"2021-06-05T12:30:01.000Z","endTime":"2021-06-05T12:30:01.000Z","timeline":[],"isCommentDisabled":false,"topic":"COMPLEX NUMBERS - Part 01","url":"https://www.youtube.com/embed/XGFPDkR4-dg","isDPPVideos":false,"isDoubtEnabled":false,"isPathshala":false,"videoDetails":{"name":"Complex Numbers in 1 Shot - All Concepts, Tricks & PYQs Covered | Class 11 | JEE Main & Advanced","image":"https://i.ytimg.com/vi/XGFPDkR4-dg/mqdefault.jpg","embedCode":"https://www.youtube.com/embed/XGFPDkR4-dg","description":"Part 2 - https://youtu.be/Csoxo16bsqM  To download Lecture Notes, Practice Sheet & Practice Sheet Video Solution, Visit MANZIL Batch in Batch Section of PW App(http://bit.ly/3ru9Agh).  📝 Note: This B","duration":"5:57:13","_id":"60cdc2f5c790e7001f32f1b5","createdAt":"2021-06-19T10:12:05.158Z"},"dRoomId":"","isBatchDoubtEnabled":false}]}