{"data":[{"_id":"6128c2719264e90012f4a792","isFree":false,"status":"PENDING","date":"2021-08-27T18:29:59.000Z","startTime":"2021-08-27T04:30:59.000Z","isDPPNotes":false,"homeworkIds":[{"_id":"6128bdb6f957a100122c502a","actions":["Open","Download","Print"],"topic":"JEE MAIN (26th Aug Shift 1)","note":"Classnotes","attachmentIds":[{"_id":"6128bda8eb9f990018847d4e","name":"Paper Discussions 26th  JEE Main 2021.pdf","baseUrl":"https://d2bps9p1kiy4ka.cloudfront.net/","key":"5eb393ee95fab7468a79d189/3f06bf11-4585-4c1b-8eed-a0dee47200fb.pdf"}],"batchSubjectId":"60ad1533695c02001132e778"}],"dRoomId":"","isBatchDoubtEnabled":false},{"_id":"610290603c610900110056d3","isFree":false,"status":"PENDING","date":"2021-07-28T18:29:59.000Z","startTime":"2021-07-28T08:30:59.000Z","isDPPNotes":false,"homeworkIds":[{"_id":"61028ff78b415b001801b0e5","actions":["Open","Download","Print"],"topic":"Maths - JEE MAIN (27th July Shift 2)","note":"Classnotes","attachmentIds":[{"_id":"61028fe51f48560011cd36b1","name":"27 july shift 2 JEE_compressed.pdf","baseUrl":"https://d2bps9p1kiy4ka.cloudfront.net/","key":"5eb393ee95fab7468a79d189/ddecf3bf-9fef-442b-be5e-218a650b2aca.pdf"}],"batchSubjectId":"60ad1533695c02001132e778"}],"dRoomId":"","isBatchDoubtEnabled":false},{"_id":"60ad1533695c02001132e794","isFree":false,"status":"PENDING","date":"2021-07-27T00:00:01.000Z","startTime":"2021-07-27T17:30:01.000Z","isDPPNotes":false,"homeworkIds":[{"_id":"61005086cdccb7007f3c7eaa","actions":["Open","Download","Print"],"topic":"Maths - JEE MAIN (27th July Shift 1)","note":"Classnotes","attachmentIds":[{"_id":"6100507e4fc63b007a081712","name":"Morning shift 1_organized_compressed.pdf","baseUrl":"https://d2bps9p1kiy4ka.cloudfront.net/","key":"5eb393ee95fab7468a79d189/fb2d3cf7-d3cb-4cfd-bddf-a782e17c13e6.pdf"}],"batchSubjectId":"60ad1533695c02001132e778"}],"dRoomId":"","isBatchDoubtEnabled":false},{"_id":"60ad1533695c02001132e787","isFree":false,"status":"PENDING","date":"2021-07-26T00:00:01.000Z","startTime":"2021-07-26T06:30:01.000Z","isDPPNotes":false,"homeworkIds":[{"_id":"60fe7f62b1ad4b005cf9b5bd","actions":["Open","Download","Print"],"topic":"Maths - JEE MAIN (25th July Shift 2)","note":"Classnotes","attachmentIds":[{"_id":"60fe7f5d659ee0001114588c","name":"Shift 2 Paper Solutions (Rajwant Sir, Suraj Sir, Ashima Ma'am) JEE Mains_compressed.pdf","baseUrl":"https://d2bps9p1kiy4ka.cloudfront.net/","key":"5eb393ee95fab7468a79d189/dffc2687-0858-4bee-ae50-1f3baa51e338.pdf"}],"batchSubjectId":"60ad1533695c02001132e778"}],"dRoomId":"","isBatchDoubtEnabled":false},{"_id":"60fdcff891c2b6001831279d","isFree":false,"status":"PENDING","date":"2021-07-25T18:29:59.000Z","startTime":"2021-07-25T16:30:59.000Z","isDPPNotes":false,"homeworkIds":[{"_id":"60fdcedc24a3b300130dc445","actions":["Open","Download","Print"],"topic":"Maths - JEE MAIN (25th July Shift 1)","note":"Classnotes","attachmentIds":[{"_id":"60fdced7c52c24005fcbf554","name":"20210725235824731 (1)_compressed.pdf","baseUrl":"https://d2bps9p1kiy4ka.cloudfront.net/","key":"5eb393ee95fab7468a79d189/498a2fa7-c692-4dde-8aef-758a546f2395.pdf"}],"batchSubjectId":"60ad1533695c02001132e778"}],"dRoomId":"","isBatchDoubtEnabled":false},{"_id":"60ad1533695c02001132e7bb","isFree":false,"status":"PENDING","date":"2021-07-23T00:00:01.000Z","startTime":"2021-07-23T06:30:01.000Z","isDPPNotes":false,"homeworkIds":[{"_id":"60fb12c14725fe00516eec84","actions":["Open","Download","Print"],"topic":"Maths - JEE MAIN (22th July Shift 2)","note":"Classnotes","attachmentIds":[{"_id":"60fb12bf7384fe001144f7df","name":"Practice (Mohit Poonia Sir)_compressed.pdf","baseUrl":"https://d1qs8w2pzjtoy9.cloudfront.net/","key":"5eb393ee95fab7468a79d189/3a45c9bd-1fac-4e80-afc2-e8f5fa421a18.pdf"}],"batchSubjectId":"60ad1533695c02001132e778"}],"dRoomId":"","isBatchDoubtEnabled":false},{"_id":"60ad1533695c02001132e7ae","isFree":false,"status":"PENDING","date":"2021-07-22T00:00:01.000Z","startTime":"2021-07-22T04:30:01.000Z","isDPPNotes":false,"homeworkIds":[{"_id":"60f96189ae836b0018d8aa86","actions":["Open","Download","Print"],"topic":"Maths - JEE MAIN (20th July Shift 2)","note":"Classnotes","attachmentIds":[{"_id":"60f96182ae836b0018d8aa7f","name":"test discussion.pdf","baseUrl":"https://d1qs8w2pzjtoy9.cloudfront.net/","key":"5eb393ee95fab7468a79d189/af36930c-a977-475b-b06d-165131c5d385.pdf"}],"batchSubjectId":"60ad1533695c02001132e778"}],"dRoomId":"","isBatchDoubtEnabled":false},{"_id":"60ad1533695c02001132e793","isFree":false,"status":"PENDING","date":"2021-07-20T00:00:01.000Z","startTime":"2021-07-20T16:30:01.000Z","isDPPNotes":false,"homeworkIds":[{"_id":"60f6fd57c58b1d0041101af5","actions":["Open","Download","Print"],"topic":"Maths - JEE MAIN (20th July Shift 1)","note":"Classnotes","attachmentIds":[{"_id":"60f6fd378493b30018fcc11d","name":"JEE MAIN (20th July Shift 1) Maths Paper Disc By Kundan Sir_compressed.pdf","baseUrl":"https://d1qs8w2pzjtoy9.cloudfront.net/","key":"5eb393ee95fab7468a79d189/100366ac-d417-4619-b63a-300325f286c9.pdf"}],"batchSubjectId":"60ad1533695c02001132e778"}],"dRoomId":"","isBatchDoubtEnabled":false}]}