{"data":[{"_id":"60c488188b8bd744fb2af9ae","isFree":false,"status":"PENDING","date":"2021-06-12T18:29:59.000Z","startTime":"2021-06-12T09:30:59.000Z","isDPPNotes":false,"homeworkIds":[{"_id":"60c4851c900b7e001f16f43e","actions":["Open","Download","Print"],"topic":"Friction, Pseudo force and Circular Motion : Practice Sheet Solution","note":"Classnotes","attachmentIds":[{"_id":"60c4851b1368d96553e84fec","name":"Friction PPT Physics (2)_compressed.pdf","baseUrl":"https://d1qs8w2pzjtoy9.cloudfront.net/","key":"5eb393ee95fab7468a79d189/1ed4366b-1b76-42ed-a476-38c6014890cd.pdf"}],"batchSubjectId":"60ad14e805e03400186e2cc9"}],"dRoomId":"","isBatchDoubtEnabled":false},{"_id":"60c39ee74709c222ecb2cb19","isFree":false,"status":"PENDING","date":"2021-06-11T18:29:59.000Z","startTime":"2021-06-11T15:30:59.000Z","isDPPNotes":false,"homeworkIds":[{"_id":"60c39e9eab0ec300169d127f","actions":["Open","Download","Print"],"topic":"Circular Motion : Lect Notes","note":"NOTES","attachmentIds":[{"_id":"60c39e9be56db40011e4fee9","name":"Circular Motion.pdf","baseUrl":"https://d1qs8w2pzjtoy9.cloudfront.net/","key":"5eb393ee95fab7468a79d189/29ec4132-8075-4b0e-8dde-a3abcb737e99.pdf"}],"batchSubjectId":"60ad14e805e03400186e2cc9"},{"_id":"60c336a9c74331001194c145","actions":["Open","Download","Print"],"topic":"Friction, Pseudo force and Circular Motion : Practice Sheet","note":"DPP","attachmentIds":[{"_id":"60c336a6fce02800112c42a0","name":"Friction DPP_Manzil__(Physics).pdf","baseUrl":"https://d1qs8w2pzjtoy9.cloudfront.net/","key":"5eb393ee95fab7468a79d189/751aa1a4-9959-46c1-b212-c9bdc16590f1.pdf"}],"batchSubjectId":"60ad14e805e03400186e2cc9"}],"dRoomId":"","isBatchDoubtEnabled":false}]}