{"data":[{"_id":"60c488188b8bd744fb2af9ae","restrictedSchedule":false,"restrictedTime":0,"urlType":"youtube","tags":[{"_id":"60c39f0c672f0300110b0f1d","name":"Circular Motion"}],"isFree":false,"isChatEnabled":false,"isCommentDisabled":false,"status":"PENDING","topic":"Friction, Pseudo force and Circular Motion : Solution to Practice Sheet","date":"2021-06-12T18:29:59.000Z","startTime":"2021-06-12T09:30:59.000Z","endTime":"2021-06-12T09:30:59.000Z","url":"https://www.youtube.com/embed/CrCWAbULp_o","timeline":[],"isDPPVideos":false,"isDoubtEnabled":false,"isPathshala":false,"videoDetails":{"name":"Friction DPP 1 MANZIL","image":"https://i.ytimg.com/vi/CrCWAbULp_o/mqdefault.jpg","embedCode":"https://www.youtube.com/embed/CrCWAbULp_o","description":"","duration":"1:58:20","_id":"60c4882e47014c769f431506","createdAt":"2021-06-12T10:10:54.415Z"},"dRoomId":"","isBatchDoubtEnabled":false},{"_id":"60c39ee74709c222ecb2cb19","restrictedSchedule":false,"restrictedTime":0,"urlType":"youtube","tags":[{"_id":"60c39f0c672f0300110b0f1d","name":"Circular Motion"}],"isFree":false,"isChatEnabled":false,"isCommentDisabled":false,"status":"PENDING","topic":"Circular Motion One Shot","date":"2021-06-11T18:29:59.000Z","startTime":"2021-06-11T15:30:59.000Z","endTime":"2021-06-11T15:30:59.000Z","timeline":[],"url":"https://www.youtube.com/embed/_vnzkmk1QYM","isDPPVideos":false,"isDoubtEnabled":false,"isPathshala":false,"videoDetails":{"name":"Circular Motion in 1 Shot - All Concepts, Tricks & PYQs Covered | Class 11 | JEE Main & Advanced","image":"https://i.ytimg.com/vi/_vnzkmk1QYM/mqdefault.jpg","embedCode":"https://www.youtube.com/embed/_vnzkmk1QYM","description":"TIMESTAMPS ⌚  0:00 Introduction 3:38 Angular Variables 12:46 Question Related to Angular                Variables 19:19 Acceleration 32:34 Relation b/w Linear & Angular            Variables 43:20 Equa","duration":"1:59:45","_id":"60cdc4a0d11aa8001f20aed6","createdAt":"2021-06-19T10:19:12.769Z"},"dRoomId":"","isBatchDoubtEnabled":false}]}