{"data":[{"_id":"60ad14e805e03400186e2cf0","isFree":false,"status":"PENDING","date":"2021-08-10T00:00:01.000Z","startTime":"2021-08-10T08:30:01.000Z","isDPPNotes":false,"homeworkIds":[{"_id":"611242f529a16300154f048d","actions":["Open","Download","Print"],"topic":"Hydrocarbons : Practice Sheet Solution","note":"Classnotes","attachmentIds":[{"_id":"611242b62573740018308c80","name":"Harsh Sir_compressed.pdf","baseUrl":"https://d2bps9p1kiy4ka.cloudfront.net/","key":"5eb393ee95fab7468a79d189/4d524714-ac6a-4742-a4a9-cb770436278d.pdf"}],"batchSubjectId":"60ad14e805e03400186e2cd0"}],"dRoomId":"","isBatchDoubtEnabled":false},{"_id":"610eef2337294900180b921c","isFree":false,"status":"PENDING","date":"2021-08-07T18:29:59.000Z","startTime":"2021-08-07T17:30:59.000Z","isDPPNotes":false,"homeworkIds":[{"_id":"610eee7dff9d560011532655","actions":["Open","Download","Print"],"topic":"Hydrocarbons : Practice Sheet","note":"DPP","attachmentIds":[{"_id":"610eee75ad440a00132d5b7f","name":"Hydro Carbon Assignment_Manzil Batch.pdf","baseUrl":"https://d2bps9p1kiy4ka.cloudfront.net/","key":"5eb393ee95fab7468a79d189/e45662b5-c63a-4639-b04a-3e69280ced38.pdf"}],"batchSubjectId":"60ad14e805e03400186e2cd0"},{"_id":"610eee3be321e1001151f911","actions":["Open","Download","Print"],"topic":"Hydrocarbons : Lect Notes","note":"Classnotes","attachmentIds":[{"_id":"610eee2a31c11e00ae797c9a","name":"Hydrocarbons in one Shot (Harsh Sir) Manzil_compressed.pdf","baseUrl":"https://d2bps9p1kiy4ka.cloudfront.net/","key":"5eb393ee95fab7468a79d189/9ab00207-3c3e-41de-a7f6-9bb3d32e05e7.pdf"}],"batchSubjectId":"60ad14e805e03400186e2cd0"}],"dRoomId":"","isBatchDoubtEnabled":false}]}