{"data":[{"_id":"60ad14e805e03400186e2cf0","restrictedSchedule":false,"restrictedTime":0,"urlType":"youtube","tags":[{"_id":"610eef392358090072a93c0b","name":"Hydrocarbons"}],"isFree":false,"isChatEnabled":false,"status":"PENDING","date":"2021-08-10T00:00:01.000Z","startTime":"2021-08-10T08:30:01.000Z","endTime":"2021-08-10T09:30:01.000Z","timeline":[],"isCommentDisabled":false,"topic":"Hydrocarbons : Solution to Practice Sheet","url":"https://www.youtube.com/embed/z6wVtvQgICY","isDPPVideos":false,"isDoubtEnabled":false,"isPathshala":false,"videoDetails":{"name":"Hydrocarbons : Solution to Practice Sheet","image":"https://i.ytimg.com/vi/z6wVtvQgICY/mqdefault.jpg","embedCode":"https://www.youtube.com/embed/z6wVtvQgICY","description":"","duration":"1:03:58","_id":"611247fa988a900018cac43c","createdAt":"2021-08-10T09:33:46.099Z"},"dRoomId":"","isBatchDoubtEnabled":false},{"_id":"610eef2337294900180b921c","restrictedSchedule":false,"restrictedTime":0,"urlType":"youtube","tags":[{"_id":"610eef392358090072a93c0b","name":"Hydrocarbons"}],"isFree":false,"isChatEnabled":false,"isCommentDisabled":false,"status":"PENDING","topic":"Hydrocarbons in One Shot","date":"2021-08-07T18:29:59.000Z","startTime":"2021-08-07T17:30:59.000Z","endTime":"2021-08-07T17:30:59.000Z","timeline":[],"url":"https://www.youtube.com/embed/Xy1UojojZOg","isDPPVideos":false,"isDoubtEnabled":false,"isPathshala":false,"videoDetails":{"name":"HYDROCARBONS in One Shot - Full Chapter Revision | Class 11 | JEE Main and Advanced","image":"https://i.ytimg.com/vi/Xy1UojojZOg/mqdefault.jpg","embedCode":"https://www.youtube.com/embed/Xy1UojojZOg","description":"Form Link : https://forms.gle/679JshGXvYeQY5jw9  Hello baccho Kya haal chaal! We hope ki aap sabhi ka JEE exam accha gya! Humne iss taiyaari ko aapke saath jiya hai, aur apke results dekhne ko hum bhi","duration":"9:22:40","_id":"6112c7d0c6af7400110fca77","createdAt":"2021-08-10T18:39:12.795Z"},"dRoomId":"","isBatchDoubtEnabled":false}]}