{"data":[{"_id":"60e69912cafdba001269537f","name":"Manzil Sprint","type":"BATCH_SCHEDULE_VIDEO","typeId":"60ad14e805e03400186e2cd0","displayOrder":1,"notes":39,"exercises":0,"videos":24,"slug":"manzil-sprint-718884"},{"_id":"60f6fdffa32ef70018ab8472","name":"JEE Mains Questions Discussion","type":"BATCH_SCHEDULE_VIDEO","typeId":"60ad14e805e03400186e2cd0","displayOrder":1,"notes":8,"exercises":0,"videos":7,"slug":"jee-mains-questions-discussion-630916"},{"_id":"60b3d78228132e0011091021","name":"Mole Concept","type":"BATCH_SCHEDULE_VIDEO","typeId":"60ad14e805e03400186e2cd0","displayOrder":2,"notes":3,"exercises":0,"videos":2,"slug":"mole-concept-235902"},{"_id":"60b8fb6e98cb94004687fd49","name":"IUPAC","type":"BATCH_SCHEDULE_VIDEO","typeId":"60ad14e805e03400186e2cd0","displayOrder":5,"notes":4,"exercises":0,"videos":2,"slug":"iupac-420921"},{"_id":"60bd36e5fb0cae0065380afa","name":"Atomic Structure","type":"BATCH_SCHEDULE_VIDEO","typeId":"60ad14e805e03400186e2cd0","displayOrder":9,"notes":3,"exercises":0,"videos":2,"slug":"atomic-structure-352238"},{"_id":"60c6dea4189da10011f5de50","name":"Gaseous State and Liquid State","type":"BATCH_SCHEDULE_VIDEO","typeId":"60ad14e805e03400186e2cd0","displayOrder":14,"notes":3,"exercises":0,"videos":2,"slug":"gaseous-state-and-liquid-state-656375"},{"_id":"60c79f5ab1799d001146933a","name":"Periodic Table","type":"BATCH_SCHEDULE_VIDEO","typeId":"60ad14e805e03400186e2cd0","displayOrder":15,"notes":3,"exercises":0,"videos":2,"slug":"periodic-table-350952"},{"_id":"60d0100875e9a700116d9f54","name":"Chemical bonding","type":"BATCH_SCHEDULE_VIDEO","typeId":"60ad14e805e03400186e2cd0","displayOrder":18,"notes":4,"exercises":0,"videos":3,"slug":"chemical-bonding-508672"},{"_id":"60d0f449b8668c0011e7f60c","name":"Isomerism","type":"BATCH_SCHEDULE_VIDEO","typeId":"60ad14e805e03400186e2cd0","displayOrder":19,"notes":3,"exercises":0,"videos":2,"slug":"isomerism-275560"},{"_id":"60d9fb1e2c9fef001f773d2c","name":"GOC","type":"BATCH_SCHEDULE_VIDEO","typeId":"60ad14e805e03400186e2cd0","displayOrder":21,"notes":3,"exercises":0,"videos":2,"slug":"goc-618658"},{"_id":"60e1840eb610650011e13ba4","name":"Thermodynamics","type":"BATCH_SCHEDULE_VIDEO","typeId":"60ad14e805e03400186e2cd0","displayOrder":21,"notes":3,"exercises":0,"videos":2,"slug":"thermodynamics-478384"},{"_id":"610eef392358090072a93c0b","name":"Hydrocarbons","type":"BATCH_SCHEDULE_VIDEO","typeId":"60ad14e805e03400186e2cd0","displayOrder":34,"notes":3,"exercises":0,"videos":2,"slug":"hydrocarbons-831568"},{"_id":"61189bcb97be57001197ef1f","name":"Redox Reactions","type":"BATCH_SCHEDULE_VIDEO","typeId":"60ad14e805e03400186e2cd0","displayOrder":36,"notes":3,"exercises":0,"videos":2,"slug":"redox-reactions-586367"},{"_id":"60e5e641cc24950011a2fc89","name":"Coordination Compound","type":"BATCH_SCHEDULE_VIDEO","typeId":"60ad14e805e03400186e2cd0","displayOrder":37,"notes":3,"exercises":0,"videos":2,"slug":"coordination-compound-489205"},{"_id":"613319096e26260011be0386","name":"Haloalkenes and Haloarenes","type":"BATCH_SCHEDULE_VIDEO","typeId":"60ad14e805e03400186e2cd0","displayOrder":38,"notes":3,"exercises":0,"videos":2,"slug":"haloalkenes-and-haloarenes-235015"},{"_id":"613891c7cd4b7301985bcb22","name":"Hydrogen and S-Block","type":"BATCH_SCHEDULE_VIDEO","typeId":"60ad14e805e03400186e2cd0","displayOrder":41,"notes":3,"exercises":0,"videos":2,"slug":"hydrogen-and-s-block-812126"}]}