{"data":[{"_id":"60e69912cafdba001269537f","name":"Manzil Sprint","type":"BATCH_SCHEDULE_VIDEO","typeId":"60ad1533695c02001132e778","displayOrder":1,"notes":29,"exercises":0,"videos":18,"slug":"manzil-sprint-718884"},{"_id":"60f6fdffa32ef70018ab8472","name":"JEE Mains Questions Discussion","type":"BATCH_SCHEDULE_VIDEO","typeId":"60ad1533695c02001132e778","displayOrder":1,"notes":8,"exercises":0,"videos":8,"slug":"jee-mains-questions-discussion-630916"},{"_id":"60b7d36d91b424001830c8cd","name":"Quadratic Equation","type":"BATCH_SCHEDULE_VIDEO","typeId":"60ad1533695c02001132e778","displayOrder":4,"notes":3,"exercises":0,"videos":2,"slug":"quadratic-equation-997666"},{"_id":"60bbca230b0081004bcd7263","name":"Complex Numbers","type":"BATCH_SCHEDULE_VIDEO","typeId":"60ad1533695c02001132e778","displayOrder":8,"notes":4,"exercises":0,"videos":3,"slug":"complex-numbers-573881"},{"_id":"60c4fcfa2f48990011eef34d","name":"Binomial Theorem","type":"BATCH_SCHEDULE_VIDEO","typeId":"60ad1533695c02001132e778","displayOrder":13,"notes":3,"exercises":0,"videos":2,"slug":"binomial-theorem-545100"},{"_id":"60ca4ffe44d41f001f4e4231","name":"Permutation & Combination","type":"BATCH_SCHEDULE_VIDEO","typeId":"60ad1533695c02001132e778","displayOrder":17,"notes":6,"exercises":0,"videos":3,"slug":"permutation-and-combination-105415"},{"_id":"60d369c74a72790011d89a0c","name":"Sequence & Series","type":"BATCH_SCHEDULE_VIDEO","typeId":"60ad1533695c02001132e778","displayOrder":18,"notes":4,"exercises":0,"videos":3,"slug":"sequence-and-series-823276"},{"_id":"60dc828395602a003571a58c","name":"Straight Line","type":"BATCH_SCHEDULE_VIDEO","typeId":"60ad1533695c02001132e778","displayOrder":21,"notes":3,"exercises":0,"videos":2,"slug":"straight-line-997721"},{"_id":"60e06102adde360018b6ff11","name":"Circles","type":"BATCH_SCHEDULE_VIDEO","typeId":"60ad1533695c02001132e778","displayOrder":21,"notes":3,"exercises":0,"videos":2,"slug":"circles-193134"},{"_id":"6112c48cbeb9b1001102055e","name":"Parabola","type":"BATCH_SCHEDULE_VIDEO","typeId":"60ad1533695c02001132e778","displayOrder":35,"notes":3,"exercises":0,"videos":2,"slug":"parabola-171802"},{"_id":"6134b76066117c008092bda8","name":"Trigonometry","type":"BATCH_SCHEDULE_VIDEO","typeId":"60ad1533695c02001132e778","displayOrder":40,"notes":3,"exercises":0,"videos":2,"slug":"trigonometry-503915"}]}