{"data":[{"_id":"60e69912cafdba001269537f","name":"Manzil Sprint","type":"BATCH_SCHEDULE_VIDEO","typeId":"60ad14e805e03400186e2cc9","displayOrder":1,"notes":41,"exercises":0,"videos":21,"slug":"manzil-sprint-718884"},{"_id":"60f6fdffa32ef70018ab8472","name":"JEE Mains Questions Discussion","type":"BATCH_SCHEDULE_VIDEO","typeId":"60ad14e805e03400186e2cc9","displayOrder":1,"notes":7,"exercises":0,"videos":7,"slug":"jee-mains-questions-discussion-630916"},{"_id":"60b123b9e8eed80053b0fe12","name":"Vectors","type":"BATCH_SCHEDULE_VIDEO","typeId":"60ad14e805e03400186e2cc9","displayOrder":2,"notes":3,"exercises":0,"videos":2,"slug":"vectors-835473"},{"_id":"60b6173754b9ca00198e6ef9","name":"Basic Mathematics","type":"BATCH_SCHEDULE_VIDEO","typeId":"60ad14e805e03400186e2cc9","displayOrder":3,"notes":1,"exercises":0,"videos":1,"slug":"basic-mathematics-654646"},{"_id":"60baec73b1e784001842b874","name":"Kinematics","type":"BATCH_SCHEDULE_VIDEO","typeId":"60ad14e805e03400186e2cc9","displayOrder":7,"notes":4,"exercises":0,"videos":2,"slug":"kinematics-597836"},{"_id":"60bf695f72ee2e0011380297","name":"Laws of Motion","type":"BATCH_SCHEDULE_VIDEO","typeId":"60ad14e805e03400186e2cc9","displayOrder":10,"notes":3,"exercises":0,"videos":2,"slug":"laws-of-motion-052868"},{"_id":"60c37ba2f3a7741f9e65d64e","name":"Friction","type":"BATCH_SCHEDULE_VIDEO","typeId":"60ad14e805e03400186e2cc9","displayOrder":11,"notes":3,"exercises":0,"videos":2,"slug":"friction-945693"},{"_id":"60c39f0c672f0300110b0f1d","name":"Circular Motion","type":"BATCH_SCHEDULE_VIDEO","typeId":"60ad14e805e03400186e2cc9","displayOrder":12,"notes":3,"exercises":0,"videos":2,"slug":"circular-motion-232293"},{"_id":"60c8d936e874fa001f7bae58","name":"Work,Energy and Power","type":"BATCH_SCHEDULE_VIDEO","typeId":"60ad14e805e03400186e2cc9","displayOrder":16,"notes":5,"exercises":0,"videos":3,"slug":"work-energy-and-power-802564"},{"_id":"60d2ee8c9107ec001173d360","name":"Center of Mass","type":"BATCH_SCHEDULE_VIDEO","typeId":"60ad14e805e03400186e2cc9","displayOrder":17,"notes":4,"exercises":0,"videos":2,"slug":"center-of-mass-670867"},{"_id":"60d639734bab75001116546b","name":"Rotational Motion","type":"BATCH_SCHEDULE_VIDEO","typeId":"60ad14e805e03400186e2cc9","displayOrder":18,"notes":6,"exercises":0,"videos":4,"slug":"rotational-motion-641895"},{"_id":"60df32fa9a08b400114151ef","name":"Elasticity","type":"BATCH_SCHEDULE_VIDEO","typeId":"60ad14e805e03400186e2cc9","displayOrder":21,"notes":3,"exercises":0,"videos":2,"slug":"elasticity-104353"},{"_id":"610d6cd9b10fee008a5e7ac0","name":"Fluids","type":"BATCH_SCHEDULE_VIDEO","typeId":"60ad14e805e03400186e2cc9","displayOrder":34,"notes":3,"exercises":0,"videos":2,"slug":"fluids-375917"},{"_id":"61155007d3a62900118e2d89","name":"Thermal Properties of Matter","type":"BATCH_SCHEDULE_VIDEO","typeId":"60ad14e805e03400186e2cc9","displayOrder":36,"notes":3,"exercises":0,"videos":2,"slug":"thermal-properties-of-matter-109987"},{"_id":"61213fad260a5c0214049748","name":"KTG and Thermodynamics","type":"BATCH_SCHEDULE_VIDEO","typeId":"60ad14e805e03400186e2cc9","displayOrder":38,"notes":3,"exercises":0,"videos":2,"slug":"ktg-and-thermodynamics-019611"},{"_id":"61377ccebfec83009cdf71e4","name":"SHM","type":"BATCH_SCHEDULE_VIDEO","typeId":"60ad14e805e03400186e2cc9","displayOrder":39,"notes":2,"exercises":0,"videos":1,"slug":"shm-401845"}]}