{"data":[{"_id":"60ad1533695c02001132e783","isFree":false,"status":"PENDING","date":"2021-06-28T00:00:01.000Z","startTime":"2021-06-28T07:30:01.000Z","isDPPNotes":false,"homeworkIds":[{"_id":"60d991e2dc72090011377a4b","actions":["Open","Download","Print"],"topic":"Sequences and Series : Solution to Practice Sheet","note":"Classnotes","attachmentIds":[{"_id":"60d991a6292eb3351dcbba88","name":"SEQUENCE AND SERIES MANZIL BATCH PPT.pdf","baseUrl":"https://d1qs8w2pzjtoy9.cloudfront.net/","key":"5eb393ee95fab7468a79d189/35b84415-63a0-42d8-950a-f29aa47b5782.pdf"}],"batchSubjectId":"60ad1533695c02001132e778"}],"dRoomId":"","isBatchDoubtEnabled":false},{"_id":"60d7549e27493c001109e2f2","isFree":false,"status":"PENDING","date":"2021-06-26T18:29:59.000Z","startTime":"2021-06-26T15:30:59.000Z","isDPPNotes":false,"homeworkIds":[{"_id":"60d75451a2825a0011588132","actions":["Open","Download","Print"],"topic":"Sequence & Series: Part 2 lect notes","note":"NOTES","attachmentIds":[{"_id":"60d7544ff502a40011b53a57","name":"Sequence & Series Part-2 (Sachin sir) Manzil Batch.pdf","baseUrl":"https://d1qs8w2pzjtoy9.cloudfront.net/","key":"5eb393ee95fab7468a79d189/29d773eb-1a41-4c1a-9692-76bb5639b32b.pdf"}],"batchSubjectId":"60ad1533695c02001132e778"}],"dRoomId":"","isBatchDoubtEnabled":false},{"_id":"60d369a0639e84001179c7cf","isFree":false,"status":"PENDING","date":"2021-06-23T18:29:59.000Z","startTime":"2021-06-23T12:30:59.000Z","isDPPNotes":false,"homeworkIds":[{"_id":"60d378c730a66d134e87e4a5","actions":["Open","Download","Print"],"topic":"Sequence & Series : Lect Notes(Part-1)","note":"NOTES","attachmentIds":[{"_id":"60d378c5afc9450011c294f0","name":"Sequence & Series -One Shot_Part-01_Manzil_Sachin Sir.pdf","baseUrl":"https://d1qs8w2pzjtoy9.cloudfront.net/","key":"5eb393ee95fab7468a79d189/3728390e-f7bb-4054-9472-d5aec178ce17.pdf"}],"batchSubjectId":"60ad1533695c02001132e778"},{"_id":"60d36960dea7e7001143e89d","actions":["Open","Download","Print"],"topic":"Sequence & Series: Practice Sheet(Part 01 & 02)","note":"NOTES","attachmentIds":[{"_id":"60d36958563bd400118d3c58","name":"Series and Sequences_Question Bank _Manzil Batch_(Maths).pdf","baseUrl":"https://d1qs8w2pzjtoy9.cloudfront.net/","key":"5eb393ee95fab7468a79d189/ad43d172-222e-4288-ad0f-7c090248265d.pdf"}],"batchSubjectId":"60ad1533695c02001132e778"}],"dRoomId":"","isBatchDoubtEnabled":false}]}