{"data":[{"_id":"60ad1533695c02001132e783","restrictedSchedule":false,"restrictedTime":0,"urlType":"youtube","tags":[{"_id":"60d369c74a72790011d89a0c","name":"Sequence & Series"}],"isFree":false,"isChatEnabled":false,"status":"PENDING","date":"2021-06-28T00:00:01.000Z","startTime":"2021-06-28T07:30:01.000Z","endTime":"2021-06-28T08:30:01.000Z","timeline":[],"isCommentDisabled":false,"topic":"Sequences and Series : Solution to Practice Sheet","url":"https://www.youtube.com/embed/FYzfnN7h9f4","isDPPVideos":false,"isDoubtEnabled":false,"isPathshala":false,"videoDetails":{"name":"Sequences and Series : Solution to Practice Sheet","image":"https://i.ytimg.com/vi/FYzfnN7h9f4/mqdefault.jpg","embedCode":"https://www.youtube.com/embed/FYzfnN7h9f4","description":"","duration":"1:39:39","_id":"60d9925b248a6a05d95e873e","createdAt":"2021-06-28T09:11:55.862Z"},"dRoomId":"","isBatchDoubtEnabled":false},{"_id":"60d7549e27493c001109e2f2","restrictedSchedule":false,"restrictedTime":0,"urlType":"youtube","tags":[{"_id":"60d369c74a72790011d89a0c","name":"Sequence & Series"}],"isFree":false,"isChatEnabled":false,"isCommentDisabled":false,"status":"PENDING","topic":"Sequence & Series in One Shot(Part-2)","date":"2021-06-26T18:29:59.000Z","startTime":"2021-06-26T15:30:59.000Z","endTime":"2021-06-26T15:30:59.000Z","timeline":[],"url":"https://www.youtube.com/embed/Wqjd_yEFuYY","isDPPVideos":false,"isDoubtEnabled":false,"isPathshala":false,"videoDetails":{"name":"SEQUENCE AND SERIES in 1 Shot (Part 2) - All Concepts, Tricks & PYQs | JEE Main & Advanced","image":"https://i.ytimg.com/vi/Wqjd_yEFuYY/mqdefault.jpg","embedCode":"https://www.youtube.com/embed/Wqjd_yEFuYY","description":"Part 1 - https://youtu.be/DCSfGaEg8Tg  To download Lecture Notes, Practice Sheet & Practice Sheet Video Solution, Visit MANZIL Batch in Batch Section of PW App(http://bit.ly/3ru9Agh).  📝 Note: This B","duration":"3:43:38","_id":"60d88351c871ba0011c6b041","createdAt":"2021-06-27T13:55:29.589Z"},"dRoomId":"","isBatchDoubtEnabled":false},{"_id":"60d369a0639e84001179c7cf","restrictedSchedule":false,"restrictedTime":0,"urlType":"youtube","tags":[{"_id":"60d369c74a72790011d89a0c","name":"Sequence & Series"}],"isFree":false,"isChatEnabled":false,"isCommentDisabled":false,"status":"PENDING","topic":"Sequence & Series in One Shot(Part-1)","date":"2021-06-23T18:29:59.000Z","startTime":"2021-06-23T12:30:59.000Z","endTime":"2021-06-23T12:30:59.000Z","timeline":[],"url":"https://www.youtube.com/embed/DCSfGaEg8Tg","isDPPVideos":false,"isDoubtEnabled":false,"isPathshala":false,"videoDetails":{"name":"SEQUENCE AND SERIES in 1 Shot (Part 1) - All Concepts & PYQs | Class 11 | JEE Main & Advanced","image":"https://i.ytimg.com/vi/DCSfGaEg8Tg/mqdefault.jpg","embedCode":"https://www.youtube.com/embed/DCSfGaEg8Tg","description":"To download Lecture Notes, Practice Sheet & Practice Sheet Video Solution, Visit MANZIL Batch in Batch Section of PW App(http://bit.ly/3ru9Agh).  📝 Note: This Batch is Completely FREE, You just have ","duration":"3:58:40","_id":"60d883c40af0d90011593979","createdAt":"2021-06-27T13:57:24.028Z"},"dRoomId":"","isBatchDoubtEnabled":false}]}