{"data":[{"_id":"60ad1533695c02001132e78e","isFree":false,"status":"PENDING","date":"2021-06-15T00:00:01.000Z","startTime":"2021-06-15T07:30:01.000Z","isDPPNotes":false,"homeworkIds":[{"_id":"60c8580515584a001f3b6520","actions":["Open","Download","Print"],"topic":"Binomial Theorem : Practice Sheet Solution","note":"Claasnotes","attachmentIds":[{"_id":"60c85803fdefce001f763e55","name":"bionomail thoerem.pdf","baseUrl":"https://d1qs8w2pzjtoy9.cloudfront.net/","key":"5eb393ee95fab7468a79d189/e9b6397d-78cc-4e65-a25d-bea2032c5d87.pdf"}],"batchSubjectId":"60ad1533695c02001132e778"}],"dRoomId":"","isBatchDoubtEnabled":false},{"_id":"60ad1533695c02001132e7c2","isFree":false,"status":"PENDING","date":"2021-06-12T00:00:01.000Z","startTime":"2021-06-12T10:30:01.000Z","isDPPNotes":false,"homeworkIds":[{"_id":"60c4fcdd4067f6001f6a8c08","actions":["Open","Download","Print"],"topic":"Binomial Theorem lect notes","note":"Notes","attachmentIds":[{"_id":"60c4fcd61fa88e0011a87504","name":"Binomial Theorem -One Shot (Sachin Sir) Manzil batch.pdf","baseUrl":"https://d1qs8w2pzjtoy9.cloudfront.net/","key":"5eb393ee95fab7468a79d189/984887c7-29d8-4548-8b54-28cea664cc66.pdf"}],"batchSubjectId":"60ad1533695c02001132e778"},{"_id":"60c4df4b80522a00116ab86b","actions":["Open","Download","Print"],"topic":"Bionomial Theorem : Practice Sheet","note":"DPP","attachmentIds":[{"_id":"60c4df49548e150011daaa13","name":"Binomial Theorem DPP 01_MANZIL BATCH.pdf","baseUrl":"https://d1qs8w2pzjtoy9.cloudfront.net/","key":"5eb393ee95fab7468a79d189/54357a64-6c0c-4c13-b984-90407fa4db25.pdf"}],"batchSubjectId":"60ad1533695c02001132e778"}],"dRoomId":"","isBatchDoubtEnabled":false}]}