{"data":[{"_id":"60ad1533695c02001132e78e","restrictedSchedule":false,"restrictedTime":0,"urlType":"youtube","tags":[{"_id":"60c4fcfa2f48990011eef34d","name":"Binomial Theorem"}],"isFree":false,"isChatEnabled":false,"status":"PENDING","date":"2021-06-15T00:00:01.000Z","startTime":"2021-06-15T07:30:01.000Z","endTime":"2021-06-15T07:30:01.000Z","timeline":[],"isCommentDisabled":false,"topic":"Binomial Theorem : Solution to Practice Sheet","url":"https://www.youtube.com/embed/L7S9PS32yRo","isDPPVideos":false,"isDoubtEnabled":false,"isPathshala":false,"videoDetails":{"name":"Binomial theorem : Solution to Practice Sheet","image":"https://i.ytimg.com/vi/L7S9PS32yRo/mqdefault.jpg","embedCode":"https://www.youtube.com/embed/L7S9PS32yRo","description":"","duration":"1:43:53","_id":"60c85dbb82205d0013d3d268","createdAt":"2021-06-15T07:58:51.293Z"},"dRoomId":"","isBatchDoubtEnabled":false},{"_id":"60ad1533695c02001132e7c2","restrictedSchedule":false,"restrictedTime":0,"urlType":"youtube","tags":[{"_id":"60c4fcfa2f48990011eef34d","name":"Binomial Theorem"}],"isFree":false,"isChatEnabled":false,"status":"PENDING","date":"2021-06-12T00:00:01.000Z","startTime":"2021-06-12T10:30:01.000Z","endTime":"2021-06-12T10:30:01.000Z","timeline":[],"isCommentDisabled":false,"topic":"Binomial Theorem","url":"https://www.youtube.com/embed/jEtgJutEGBM","isDPPVideos":false,"isDoubtEnabled":false,"isPathshala":false,"videoDetails":{"name":"Binomial Theorem in 1 Shot - All Concepts, Tricks & PYQs Covered | Class 11 | JEE Main & Advanced","image":"https://i.ytimg.com/vi/jEtgJutEGBM/mqdefault.jpg","embedCode":"https://www.youtube.com/embed/jEtgJutEGBM","description":"TIMESTAMP ⌚  00:00 Factorial Notation 12:16 Binomial Coefficient 22:33 Maximum Value of Binomial Coefficient 34:14 Binomial Expansion     48:25 General Term                   57:55 Advanced Questions ","duration":"5:48:00","_id":"60cdc6af6789000021badf70","createdAt":"2021-06-19T10:27:59.601Z"},"dRoomId":"","isBatchDoubtEnabled":false}]}