{"data":[{"_id":"60ad14e805e03400186e2d01","isFree":false,"status":"PENDING","date":"2021-06-03T00:00:01.000Z","startTime":"2021-06-03T10:30:01.000Z","isDPPNotes":false,"homeworkIds":[{"_id":"60b8bda5e610860018ccc4f7","actions":["Open","Download","Print"],"topic":"Mole Concept : Solution to Practice Sheet","note":"NOTES","attachmentIds":[{"_id":"60b8bda3d3a86a00119872f1","name":"Mole Concept Practice Sheet Solution_JEE_MANZIL BATCH.pdf","baseUrl":"https://d1qs8w2pzjtoy9.cloudfront.net/","key":"5eb393ee95fab7468a79d189/211ba9c9-1944-4d33-a5fb-93d521bd0156.pdf"}],"batchSubjectId":"60ad14e805e03400186e2cd0"}],"dRoomId":"","isBatchDoubtEnabled":false},{"_id":"60ad14e805e03400186e2ce6","isFree":false,"status":"PENDING","date":"2021-06-01T00:00:01.000Z","startTime":"2021-06-01T19:30:01.000Z","isDPPNotes":false,"homeworkIds":[{"_id":"60b528cd4df3230011f53e17","actions":["Open","Download","Print"],"topic":"Mole Concept:Practice Sheet","note":"DPP","attachmentIds":[{"_id":"60b528be371ad30011e348dc","name":"Mole Concept Practice Sheet_JEE_MANZIL BATCH.pdf","baseUrl":"https://d1qs8w2pzjtoy9.cloudfront.net/","key":"5eb393ee95fab7468a79d189/a5b5c488-169d-468c-88d2-36ec82771a83.pdf"}],"batchSubjectId":"60ad14e805e03400186e2cd0"}],"dRoomId":"","isBatchDoubtEnabled":false},{"_id":"60b1ce37d0f0d9014bbc15cd","isFree":false,"status":"PENDING","date":"2021-05-30T18:29:59.000Z","startTime":"2021-05-30T12:30:59.000Z","isDPPNotes":false,"homeworkIds":[{"_id":"60b3d76b84bef000182a39b2","actions":["Open","Download","Print"],"topic":"Mole Concept One Shot Lect Notes","note":"NOTES","attachmentIds":[{"_id":"60b3d75d2723750011008640","name":"Mole Concept one shot jee main adv manzil pankaj sir.pdf","baseUrl":"https://d1qs8w2pzjtoy9.cloudfront.net/","key":"5eb393ee95fab7468a79d189/0ef04110-da5b-42fa-99ca-084cbf2485c6.pdf"}],"batchSubjectId":"60ad14e805e03400186e2cd0"}],"dRoomId":"","isBatchDoubtEnabled":false}]}