{"data":[{"_id":"60ad14e805e03400186e2d01","restrictedSchedule":false,"restrictedTime":0,"urlType":"youtube","tags":[{"_id":"60b3d78228132e0011091021","name":"Mole Concept"}],"isFree":false,"isChatEnabled":false,"status":"PENDING","date":"2021-06-03T00:00:01.000Z","startTime":"2021-06-03T10:30:01.000Z","endTime":"2021-06-03T11:30:01.000Z","timeline":[],"isCommentDisabled":false,"topic":"Mole Concept:Solution to Practice Sheet","url":"https://www.youtube.com/embed/4HXCa6ssMwg","isDPPVideos":false,"isDoubtEnabled":false,"isPathshala":false,"videoDetails":{"name":"Mole Concept DPP","image":"https://i.ytimg.com/vi/4HXCa6ssMwg/mqdefault.jpg","embedCode":"https://www.youtube.com/embed/4HXCa6ssMwg","description":"","duration":"2:40:47","_id":"60ba0ef195c9a400181d7026","createdAt":"2021-06-04T11:30:57.667Z"},"dRoomId":"","isBatchDoubtEnabled":false},{"_id":"60b1ce37d0f0d9014bbc15cd","restrictedSchedule":false,"restrictedTime":0,"urlType":"youtube","tags":[{"_id":"60b3d78228132e0011091021","name":"Mole Concept"}],"isFree":false,"isChatEnabled":false,"status":"PENDING","topic":"Mole Concept : One Shot","date":"2021-05-30T18:29:59.000Z","startTime":"2021-05-30T12:30:59.000Z","endTime":"2021-05-30T12:30:59.000Z","timeline":[],"isCommentDisabled":false,"url":"https://www.youtube.com/embed/g50vTY3ot_M","isDPPVideos":false,"isDoubtEnabled":false,"isPathshala":false,"videoDetails":{"name":"Mole Concept in 1 Shot - Every Concepts, Tricks & PYQs Covered | JEE Main & Advanced","image":"https://i.ytimg.com/vi/g50vTY3ot_M/mqdefault.jpg","embedCode":"https://www.youtube.com/embed/g50vTY3ot_M?list=PLxyGaR3hEy3gmAAC3q7jH4W6QMrBsmyzk","description":"▶ To download Lecture Notes, Practice Sheet & Practice Sheet Video Solution, Visit MANZIL Batch in Batch Section of PhysicsWallah App(http://bit.ly/3ru9Agh)  📝 Note: This Batch is Completely FREE, Yo","duration":"5:20:40","_id":"61950a12b006a400115cf31c","createdAt":"2021-11-17T13:56:34.962Z"},"dRoomId":"","isBatchDoubtEnabled":false}]}