{"data":[{"_id":"6139be4e4d688a03bf944c46","isFree":false,"status":"PENDING","date":"2021-09-09T18:29:59.000Z","startTime":"2021-09-09T06:30:59.000Z","isDPPNotes":false,"homeworkIds":[{"_id":"6139bd462dbb7d018479b5d6","actions":["Open","Download","Print"],"topic":"Hydrogen and S-Block : Practice Sheet Solution","note":"Classnotes","attachmentIds":[{"_id":"6139bd1d716844023cb40b6d","name":"PPT_Hydrogen ^M S-Block_Chemistry_MANZIL BATCH_Puneet Sir_Mahaveer Singh.pdf","baseUrl":"https://d2bps9p1kiy4ka.cloudfront.net/","key":"5eb393ee95fab7468a79d189/89bf8cbd-6137-40cc-9701-fafad5168028.pdf"}],"batchSubjectId":"60ad14e805e03400186e2cd0"}],"dRoomId":"","isBatchDoubtEnabled":false},{"_id":"613891feaf9be1019220dac0","isFree":false,"status":"PENDING","date":"2021-09-08T18:29:59.000Z","startTime":"2021-09-08T10:30:59.000Z","isDPPNotes":false,"homeworkIds":[{"_id":"6139a6515c74bd03226dfcd8","actions":["Open","Download","Print"],"topic":"Hydrogen and S-Block : Lect Notes","note":"Classnotes","attachmentIds":[{"_id":"6139a64e3265bf01835ff26e","name":"hydrogen and s-block (Yashwant sir) Jee Wallah_compressed.pdf","baseUrl":"https://d2bps9p1kiy4ka.cloudfront.net/","key":"5eb393ee95fab7468a79d189/adeecfcb-32ed-4b55-9c3c-378cb8141f63.pdf"}],"batchSubjectId":"60ad14e805e03400186e2cd0"},{"_id":"613891aed1deaf01b4e7bf40","actions":["Open","Download","Print"],"topic":"Hydrogen and S-Block : Practice Sheet","note":"DPP","attachmentIds":[{"_id":"613891a4f4aaa101a1dcb179","name":"DPP_Hydrogen + S-Block_Chemistry_MANZIL BATCH_Puneet Sir_Mahaveer Singh.pdf","baseUrl":"https://d2bps9p1kiy4ka.cloudfront.net/","key":"5eb393ee95fab7468a79d189/13f7425a-75ce-466c-a859-f762ca4fec05.pdf"}],"batchSubjectId":"60ad14e805e03400186e2cd0"}],"dRoomId":"","isBatchDoubtEnabled":false}]}