{"data":[{"_id":"6139be4e4d688a03bf944c46","restrictedSchedule":false,"restrictedTime":0,"urlType":"youtube","tags":[{"_id":"613891c7cd4b7301985bcb22","name":"Hydrogen and S-Block"}],"isFree":false,"isChatEnabled":false,"isDoubtEnabled":false,"isCommentDisabled":false,"status":"PENDING","topic":"Hydrogen and S-Block : Solution to Practice Sheet","date":"2021-09-09T18:29:59.000Z","startTime":"2021-09-09T06:30:59.000Z","endTime":"2021-09-09T07:30:59.000Z","url":"https://www.youtube.com/embed/ceLUwTGDNQk","timeline":[],"isDPPVideos":false,"isPathshala":false,"videoDetails":{"name":"Hydrogen and S-Block : Solution to Practice Sheet","image":"https://i.ytimg.com/vi/ceLUwTGDNQk/mqdefault.jpg","embedCode":"https://www.youtube.com/embed/ceLUwTGDNQk","description":"","duration":"1:01:22","_id":"6139be5d8df92001b5e2c01f","createdAt":"2021-09-09T07:57:17.821Z"},"dRoomId":"","isBatchDoubtEnabled":false},{"_id":"613891feaf9be1019220dac0","restrictedSchedule":false,"restrictedTime":0,"urlType":"youtube","tags":[{"_id":"613891c7cd4b7301985bcb22","name":"Hydrogen and S-Block"}],"isFree":false,"isChatEnabled":false,"isDoubtEnabled":false,"isCommentDisabled":false,"status":"PENDING","topic":"Hydrogen and S-Block : Lect Notes & Practice Sheet (PDF Only)","date":"2021-09-08T18:29:59.000Z","startTime":"2021-09-08T10:30:59.000Z","endTime":"2021-09-08T10:30:59.000Z","timeline":[],"url":"https://www.youtube.com/embed/kX-5vi66b24","isDPPVideos":false,"isPathshala":false,"videoDetails":{"name":"HYDROGEN & S-BLOCK in One Shot - All Concepts & PYQs | Class 11 | JEE Main & Advanced","image":"https://i.ytimg.com/vi/kX-5vi66b24/mqdefault.jpg","embedCode":"https://www.youtube.com/embed/kX-5vi66b24","description":"Nothing matters more than your results!! Submit your JEE application on the link below and toppers will get exciting scholarships/prizes https://forms.gle/VgZbrsCvn71J8ZCs6   ▶ To download Lecture Not","duration":"8:07:15","_id":"6139a68aeaca7803c5944568","createdAt":"2021-09-09T06:15:38.617Z"},"dRoomId":"","isBatchDoubtEnabled":false}]}