{"data":[{"_id":"60ad14e805e03400186e2cf1","isFree":false,"status":"PENDING","date":"2021-08-17T00:00:01.000Z","startTime":"2021-08-17T17:30:01.000Z","isDPPNotes":false,"homeworkIds":[{"_id":"611bf288db790100116d264e","actions":["Open","Download","Print"],"topic":"Redox Reaction : Practice Sheet Solution","note":"Classnotes","attachmentIds":[{"_id":"611bf2608678130018b3a5fd","name":"PPT_Redox Reaction_Chemistry_MANZIL BATCH_Puneet Sir_Mahaveer Singh.pdf","baseUrl":"https://d2bps9p1kiy4ka.cloudfront.net/","key":"5eb393ee95fab7468a79d189/af7a8d5e-2727-4997-9ddc-544a34f9c2aa.pdf"}],"batchSubjectId":"60ad14e805e03400186e2cd0"}],"dRoomId":"","isBatchDoubtEnabled":false},{"_id":"60ad14e805e03400186e2d25","isFree":false,"status":"PENDING","date":"2021-08-14T00:00:01.000Z","startTime":"2021-08-14T17:30:01.000Z","isDPPNotes":false,"homeworkIds":[{"_id":"61189b9507fb680018ec1442","actions":["Open","Download","Print"],"topic":"Redox Reactions : Lect Notes","note":"Classnotes","attachmentIds":[{"_id":"61189b8e5ffb2e0018c9e2ac","name":"REDOX  final for manzil_compressed.pdf","baseUrl":"https://d2bps9p1kiy4ka.cloudfront.net/","key":"5eb393ee95fab7468a79d189/8010e7c8-5fdd-4df6-9b3e-f7461f8fb47d.pdf"}],"batchSubjectId":"60ad14e805e03400186e2cd0"},{"_id":"61189b748b16cd0136598099","actions":["Open","Download","Print"],"topic":"Redox Reactions : Practice Sheet","note":"DPP","attachmentIds":[{"_id":"61189b6fd211d20018daee31","name":"DPP_Redox Reaction_Chemistry_MANZIL BATCH_Puneet Sir_Mahaveer Singh (1).pdf","baseUrl":"https://d2bps9p1kiy4ka.cloudfront.net/","key":"5eb393ee95fab7468a79d189/9ce2e584-8cc3-48f5-9702-c6c7af08ab71.pdf"}],"batchSubjectId":"60ad14e805e03400186e2cd0"}],"dRoomId":"","isBatchDoubtEnabled":false}]}