{"data":[{"_id":"60ad14e805e03400186e2cf1","restrictedSchedule":false,"restrictedTime":0,"urlType":"youtube","tags":[{"_id":"61189bcb97be57001197ef1f","name":"Redox Reactions"}],"isFree":false,"isChatEnabled":false,"status":"PENDING","date":"2021-08-17T00:00:01.000Z","startTime":"2021-08-17T17:30:01.000Z","endTime":"2021-08-17T17:30:01.000Z","timeline":[],"isCommentDisabled":false,"topic":"Redox Reaction : Solution to Practice Sheet","url":"https://www.youtube.com/embed/WndeMn23ETI","isDPPVideos":false,"isDoubtEnabled":false,"isPathshala":false,"videoDetails":{"name":"Redox Reaction : Solution to Practice Sheet","image":"https://i.ytimg.com/vi/WndeMn23ETI/mqdefault.jpg","embedCode":"https://www.youtube.com/embed/WndeMn23ETI","description":"","duration":"1:10:24","_id":"611c1c4ee05ba40011f931dc","createdAt":"2021-08-17T20:30:06.386Z"},"dRoomId":"","isBatchDoubtEnabled":false},{"_id":"60ad14e805e03400186e2d25","restrictedSchedule":false,"restrictedTime":0,"urlType":"youtube","tags":[{"_id":"61189bcb97be57001197ef1f","name":"Redox Reactions"}],"isFree":false,"isChatEnabled":false,"status":"PENDING","date":"2021-08-14T00:00:01.000Z","startTime":"2021-08-14T17:30:01.000Z","endTime":"2021-08-14T17:30:01.000Z","timeline":[],"isCommentDisabled":false,"topic":"Redox Reactions in One Shot","url":"https://www.youtube.com/embed/fm1NGfMZMLc","isDPPVideos":false,"isDoubtEnabled":false,"isPathshala":false,"videoDetails":{"name":"REDOX REACTIONS in One Shot - All Concepts & PYQs | Class 11 | JEE Main & Advanced","image":"https://i.ytimg.com/vi/fm1NGfMZMLc/mqdefault.jpg","embedCode":"https://www.youtube.com/embed/fm1NGfMZMLc","description":"▶ To download Lecture Notes, Practice Sheet & Practice Sheet Video Solution, Visit MANZIL Batch in Batch Section of PhysicsWallah App(http://bit.ly/3ru9Agh).  📝 Note: This Batch is Completely FREE, Y","duration":"8:02:16","_id":"611bc6df0a5f620013d63af3","createdAt":"2021-08-17T14:25:35.501Z"},"dRoomId":"","isBatchDoubtEnabled":false}]}