{"data":[{"_id":"60ad14e805e03400186e2d82","isFree":false,"status":"PENDING","date":"2021-06-01T00:00:01.000Z","startTime":"2021-06-01T12:30:01.000Z","isDPPNotes":false,"homeworkIds":[{"_id":"60b67e4b47ef4500166a2bfd","actions":["Open","Download","Print"],"topic":"Basic Mathematics One Shot lect notes","note":"NOTES","attachmentIds":[{"_id":"60c37c8163136b001f9172f7","name":"basic maths.pdf","baseUrl":"https://d1qs8w2pzjtoy9.cloudfront.net/","key":"5eb393ee95fab7468a79d189/5a9bcca3-509e-4d7d-b6ed-dd1feb0cfc59.pdf"}],"batchSubjectId":"60ad14e805e03400186e2cc9"}],"dRoomId":"","isBatchDoubtEnabled":false}]}