{"data":[{"_id":"60ad14e805e03400186e2d82","restrictedSchedule":false,"restrictedTime":0,"urlType":"youtube","tags":[{"_id":"60b6173754b9ca00198e6ef9","name":"Basic Mathematics"}],"isFree":false,"isChatEnabled":false,"status":"PENDING","date":"2021-06-01T00:00:01.000Z","startTime":"2021-06-01T12:30:01.000Z","endTime":"2021-06-01T12:30:01.000Z","timeline":[],"isCommentDisabled":false,"topic":"Basic Mathematics One Shot","url":"https://www.youtube.com/embed/cqC0cnzXjHI","isDPPVideos":false,"isDoubtEnabled":false,"isPathshala":false,"videoDetails":{"name":"Basic Mathematics in 1 Shot - All Concepts, Tricks & PYQs | Class 11 | JEE Main/Advanced","image":"https://i.ytimg.com/vi/cqC0cnzXjHI/mqdefault.jpg","embedCode":"https://www.youtube.com/embed/cqC0cnzXjHI","description":"To download Lecture Notes, Practice Sheet & Practice Sheet Video Solution, Visit MANZIL Batch in Batch Section of PW App(http://bit.ly/3ru9Agh).  📝 Note: This Batch is Completely FREE, You just have ","duration":"5:54:57","_id":"60cdb76f12521400110e95ed","createdAt":"2021-06-19T09:22:55.788Z"},"dRoomId":"","isBatchDoubtEnabled":false}]}