{"data":[{"_id":"6134b7d1e939a50289c3ad50","isFree":false,"status":"PENDING","date":"2021-09-05T18:29:59.000Z","startTime":"2021-09-05T11:30:59.000Z","isDPPNotes":false,"homeworkIds":[{"_id":"6134b7935d3e4f001814dbd8","actions":["Open","Download","Print"],"topic":"Haloalkenes and Haloarenes : Practice Sheet Solution","note":"Classnotes","attachmentIds":[{"_id":"6134b781986285001185854c","name":"PPT_Alkyl Aryl Halide_Chemistry_MANZIL BATCH_Puneet Sir_Mahaveer Singh (1).pdf","baseUrl":"https://d2bps9p1kiy4ka.cloudfront.net/","key":"5eb393ee95fab7468a79d189/d3afa13e-c087-4618-ac8a-ca62ae7a0ca7.pdf"}],"batchSubjectId":"60ad14e805e03400186e2cd0"}],"dRoomId":"","isBatchDoubtEnabled":false},{"_id":"6124d902287b660011fc94fa","isFree":false,"status":"PENDING","date":"2021-08-24T18:29:59.000Z","startTime":"2021-08-24T11:30:59.000Z","isDPPNotes":false,"homeworkIds":[{"_id":"6125bced382d8f00119041d8","actions":["Open","Download","Print"],"topic":"Haloalkene and Haloarene : Lect Notes","note":"Classnotes","attachmentIds":[{"_id":"6125bce8ac3a270018e38845","name":"Haloalkanes and Haloarenes_Chemistry_Manzil Batch (_Harsh Sir )_compressed.pdf","baseUrl":"https://d2bps9p1kiy4ka.cloudfront.net/","key":"5eb393ee95fab7468a79d189/96298bc9-b60b-4b5c-a59b-0d2faac0b568.pdf"}],"batchSubjectId":"60ad14e805e03400186e2cd0"},{"_id":"6124d8c0a7294f001101f1b5","actions":["Open","Download","Print"],"topic":"Haloalkene and Haloarene : Practice Sheet","note":"DPP","attachmentIds":[{"_id":"6124d88ed09a8a0011cd0b8f","name":"DPP-01_HALOALKANES AND HALOARENES_Chemistry_MANZIL BATCH_Puneet Sir_Mahaveer Singh.pdf","baseUrl":"https://d2bps9p1kiy4ka.cloudfront.net/","key":"5eb393ee95fab7468a79d189/c20d5d09-0150-4c70-a7a4-3a41f09498e1.pdf"}],"batchSubjectId":"60ad14e805e03400186e2cd0"}],"dRoomId":"","isBatchDoubtEnabled":false}]}