{"data":[{"_id":"6134b7d1e939a50289c3ad50","restrictedSchedule":false,"restrictedTime":0,"urlType":"youtube","tags":[{"_id":"613319096e26260011be0386","name":"Haloalkenes and Haloarenes"}],"isFree":false,"isChatEnabled":false,"isDoubtEnabled":false,"isCommentDisabled":false,"status":"PENDING","topic":"Haloalkenes and Haloarenes : Solution to Practice Sheet","date":"2021-09-05T18:29:59.000Z","startTime":"2021-09-05T11:30:59.000Z","endTime":"2021-09-05T12:30:59.000Z","url":"https://www.youtube.com/embed/GDRgrLu2c60","timeline":[],"isDPPVideos":false,"isPathshala":false,"videoDetails":{"name":"Haloalkenes and Haloarenes : Solution to Practice Sheet","image":"https://i.ytimg.com/vi/GDRgrLu2c60/mqdefault.jpg","embedCode":"https://www.youtube.com/embed/GDRgrLu2c60","description":"","duration":"1:15:29","_id":"6134b7e9b239800077ef2672","createdAt":"2021-09-05T12:28:25.348Z"},"dRoomId":"","isBatchDoubtEnabled":false},{"_id":"6124d902287b660011fc94fa","restrictedSchedule":false,"restrictedTime":0,"urlType":"youtube","tags":[{"_id":"613319096e26260011be0386","name":"Haloalkenes and Haloarenes"}],"isFree":false,"isChatEnabled":false,"isDoubtEnabled":false,"isCommentDisabled":false,"status":"PENDING","topic":"Haloalkene and Haloarene","date":"2021-08-24T18:29:59.000Z","startTime":"2021-08-24T11:30:59.000Z","endTime":"2021-08-24T11:30:59.000Z","timeline":[],"url":"https://www.youtube.com/embed/_aiCTxR1qgc","isDPPVideos":false,"isPathshala":false,"videoDetails":{"name":"HALOALKANES AND HALOARENES in One Shot - All Concepts & PYQs | Class 12 | JEE Main & Advanced","image":"https://i.ytimg.com/vi/_aiCTxR1qgc/mqdefault.jpg","embedCode":"https://www.youtube.com/embed/_aiCTxR1qgc","description":"Nothing matters more than your results!! Submit your JEE application on the link below and toppers will get exciting scholarships/prizes https://forms.gle/VgZbrsCvn71J8ZCs6  ▶ To download Lecture Note","duration":"6:47:21","_id":"6133373ecc77d10018c2d7f4","createdAt":"2021-09-04T09:07:10.063Z"},"dRoomId":"","isBatchDoubtEnabled":false}]}