{"data":[{"_id":"60ad14e805e03400186e2cf8","isFree":false,"status":"PENDING","date":"2021-07-07T00:00:01.000Z","startTime":"2021-07-07T12:30:01.000Z","isDPPNotes":false,"homeworkIds":[{"_id":"60e5bba9ab6f3b0018ebd0df","actions":["Open","Download","Print"],"topic":"Thermodynamics : Solution to Practice Sheet","note":"Classnotes","attachmentIds":[{"_id":"60e5bba495f507001833535c","name":"Thermodynamics_Manzil_Dpp solutions.pdf","baseUrl":"https://d1qs8w2pzjtoy9.cloudfront.net/","key":"5eb393ee95fab7468a79d189/26afd995-0d3e-4939-9287-9b648ef32be5.pdf"}],"batchSubjectId":"60ad14e805e03400186e2cd0"}],"dRoomId":"","isBatchDoubtEnabled":false},{"_id":"60ad14e805e03400186e2ceb","isFree":false,"status":"PENDING","date":"2021-07-06T00:00:01.000Z","startTime":"2021-07-06T05:30:01.000Z","isDPPNotes":false,"homeworkIds":[{"_id":"60e4226c5e4d100018286852","actions":["Open","Download","Print"],"topic":"Thermodynamics : Lect Notes","note":"Classnotes","attachmentIds":[{"_id":"60e4225c3b73b20018b62c2c","name":"Thermodynamics-Manzil Batch-Pankaj Sir-02072021F_compressed (1).pdf","baseUrl":"https://d1qs8w2pzjtoy9.cloudfront.net/","key":"5eb393ee95fab7468a79d189/cf7152b2-5273-43da-b523-310719c6e47e.pdf"}],"batchSubjectId":"60ad14e805e03400186e2cd0"},{"_id":"60e183c997f1110018e1b41e","actions":["Open","Download","Print"],"topic":"Thermodynamics : Practice Sheet","note":"DPP","attachmentIds":[{"_id":"60e183a9b281f90011da5ab9","name":"Thermodynamics_Manzil_Chem.pdf","baseUrl":"https://d1qs8w2pzjtoy9.cloudfront.net/","key":"5eb393ee95fab7468a79d189/97629ad0-fc41-49a0-93c9-29fc6e2eeaae.pdf"}],"batchSubjectId":"60ad14e805e03400186e2cd0"}],"dRoomId":"","isBatchDoubtEnabled":false}]}