{"data":[{"_id":"60ad14e805e03400186e2cf8","restrictedSchedule":false,"restrictedTime":0,"urlType":"youtube","tags":[{"_id":"60e1840eb610650011e13ba4","name":"Thermodynamics"}],"isFree":false,"isChatEnabled":false,"status":"PENDING","date":"2021-07-07T00:00:01.000Z","startTime":"2021-07-07T12:30:01.000Z","endTime":"2021-07-07T13:30:01.000Z","timeline":[],"isCommentDisabled":false,"topic":"Thermodynamics : Solution to Practice Sheet","url":"https://www.youtube.com/embed/5ekh3RtYQgw","isDPPVideos":false,"isDoubtEnabled":false,"isPathshala":false,"videoDetails":{"name":"Thermodynamics : Solution to Practice Sheet","image":"https://i.ytimg.com/vi/5ekh3RtYQgw/mqdefault.jpg","embedCode":"https://www.youtube.com/embed/5ekh3RtYQgw","description":"","duration":"56:26","_id":"60e5d747fe79f200135a66be","createdAt":"2021-07-07T16:33:11.606Z"},"dRoomId":"","isBatchDoubtEnabled":false},{"_id":"60ad14e805e03400186e2ceb","restrictedSchedule":false,"restrictedTime":0,"urlType":"youtube","tags":[{"_id":"60e1840eb610650011e13ba4","name":"Thermodynamics"}],"isFree":false,"isChatEnabled":false,"status":"PENDING","date":"2021-07-06T00:00:01.000Z","startTime":"2021-07-06T05:30:01.000Z","endTime":"2021-07-06T05:30:01.000Z","timeline":[],"isCommentDisabled":false,"topic":"Thermodynamics in One Shot","url":"https://www.youtube.com/embed/V77wZfttfYE","isDPPVideos":false,"isDoubtEnabled":false,"isPathshala":false,"videoDetails":{"name":"THERMODYNAMICS in One Shot - All Concepts, Tricks & PYQs | Class 11 | JEE Main & Advanced","image":"https://i.ytimg.com/vi/V77wZfttfYE/mqdefault.jpg","embedCode":"https://www.youtube.com/embed/V77wZfttfYE","description":"To download Lecture Notes, Practice Sheet & Practice Sheet Video Solution, Visit MANZIL Batch in Batch Section of PW App(http://bit.ly/3ru9Agh).  📝 Note: This Batch is Completely FREE, You just have ","duration":"4:14:48","_id":"60e5f9c241e8c100112f3eba","createdAt":"2021-07-07T19:00:18.393Z"},"dRoomId":"","isBatchDoubtEnabled":false}]}