{"data":[{"_id":"60ad1533695c02001132e782","isFree":false,"status":"PENDING","date":"2021-06-21T00:00:01.000Z","startTime":"2021-06-21T06:30:01.000Z","isDPPNotes":false,"homeworkIds":[{"_id":"60d05d3f59ef5e001ff6b50d","actions":["Open","Download","Print"],"topic":"Permutation and Combination : Solution to Practice Sheet","note":"NOTES","attachmentIds":[{"_id":"60d05d3c761ae90011927b84","name":"Permutation and Combination Practice Sheet-1_Math_Manzil Batch.pdf","baseUrl":"https://d1qs8w2pzjtoy9.cloudfront.net/","key":"5eb393ee95fab7468a79d189/652f2ce3-582d-4725-9a09-4f62b307ced3.pdf"}],"batchSubjectId":"60ad1533695c02001132e778"},{"_id":"60d05cce996e28001f48ab66","actions":["Open","Download","Print"],"topic":"Permutation and Combination : Practice Sheet(Updated)","note":"DPP","attachmentIds":[{"_id":"60d05cc50164a50011f81b34","name":"Permutation and Combination-Manzil Batch.pdf","baseUrl":"https://d1qs8w2pzjtoy9.cloudfront.net/","key":"5eb393ee95fab7468a79d189/44b81124-65f9-4427-a33b-05e7013c1c06.pdf"}],"batchSubjectId":"60ad1533695c02001132e778"}],"dRoomId":"","isBatchDoubtEnabled":false},{"_id":"60ad1533695c02001132e7c3","isFree":false,"status":"PENDING","date":"2021-06-19T00:00:01.000Z","startTime":"2021-06-19T12:30:01.000Z","isDPPNotes":false,"homeworkIds":[{"_id":"60ce156971e018001f864213","actions":["Open","Download","Print"],"topic":"Permutation & Combination: Lect 02 Notes","note":"Notes","attachmentIds":[{"_id":"60ce1566d0f5ea001112e0cb","name":"P&C -One Shot Part-2 (Sachin Sir) Manzil batch.pdf","baseUrl":"https://d1qs8w2pzjtoy9.cloudfront.net/","key":"5eb393ee95fab7468a79d189/82f85e22-c0a1-4641-9cef-e05aaab8efc3.pdf"}],"batchSubjectId":"60ad1533695c02001132e778"},{"_id":"60ca0f32a098e8001fc8046a","actions":["Open","Download","Print"],"topic":"Permutation and Combination : Practice Sheet","note":"DPP","attachmentIds":[{"_id":"60ca0f25a6c1e900128c79a2","name":"Permutation and Combination-Manzil Batch.pdf","baseUrl":"https://d1qs8w2pzjtoy9.cloudfront.net/","key":"5eb393ee95fab7468a79d189/507eef69-7aa4-4ce2-a480-3652fade4249.pdf"}],"batchSubjectId":"60ad1533695c02001132e778"}],"dRoomId":"","isBatchDoubtEnabled":false},{"_id":"60ad1533695c02001132e7a9","isFree":false,"status":"PENDING","date":"2021-06-17T00:00:01.000Z","startTime":"2021-06-17T19:30:01.000Z","isDPPNotes":false,"homeworkIds":[{"_id":"60ca4fea802486001ffc19d7","actions":["Open","Download","Print"],"topic":"Permutation & Combination:Lect Notes-01","note":"DPP","attachmentIds":[{"_id":"60ca4fe24d09ea00117aff40","name":"Permutation & Combination Part-1(Sachin sir) Manzil.pdf","baseUrl":"https://d1qs8w2pzjtoy9.cloudfront.net/","key":"5eb393ee95fab7468a79d189/5827da55-0997-4b20-ba7e-8a4cd15dfe2e.pdf"}],"batchSubjectId":"60ad1533695c02001132e778"},{"_id":"60ca0f32a098e8001fc8046a","actions":["Open","Download","Print"],"topic":"Permutation and Combination : Practice Sheet","note":"DPP","attachmentIds":[{"_id":"60ca0f25a6c1e900128c79a2","name":"Permutation and Combination-Manzil Batch.pdf","baseUrl":"https://d1qs8w2pzjtoy9.cloudfront.net/","key":"5eb393ee95fab7468a79d189/507eef69-7aa4-4ce2-a480-3652fade4249.pdf"}],"batchSubjectId":"60ad1533695c02001132e778"}],"dRoomId":"","isBatchDoubtEnabled":false}]}