{"data":[{"_id":"60ad1533695c02001132e782","restrictedSchedule":false,"restrictedTime":0,"urlType":"youtube","tags":[{"_id":"60ca4ffe44d41f001f4e4231","name":"Permutation & Combination"}],"isFree":false,"isChatEnabled":false,"status":"PENDING","date":"2021-06-21T00:00:01.000Z","startTime":"2021-06-21T06:30:01.000Z","endTime":"2021-06-21T07:30:01.000Z","timeline":[],"isCommentDisabled":false,"topic":"Permutation and Combination : Solution to Practice Sheet","url":"https://www.youtube.com/embed/p9RtqT-vWpI","isDPPVideos":false,"isDoubtEnabled":false,"isPathshala":false,"videoDetails":{"name":"Permutation & Combination: Solution to Practice Sheet","image":"https://i.ytimg.com/vi/p9RtqT-vWpI/mqdefault.jpg","embedCode":"https://www.youtube.com/embed/p9RtqT-vWpI","description":"","duration":"1:30:26","_id":"60d07bf7cdac570011941015","createdAt":"2021-06-21T11:45:59.844Z"},"dRoomId":"","isBatchDoubtEnabled":false},{"_id":"60ad1533695c02001132e7c3","restrictedSchedule":false,"restrictedTime":0,"urlType":"youtube","tags":[{"_id":"60ca4ffe44d41f001f4e4231","name":"Permutation & Combination"}],"isFree":false,"isChatEnabled":false,"status":"PENDING","date":"2021-06-19T00:00:01.000Z","startTime":"2021-06-19T12:30:01.000Z","endTime":"2021-06-19T12:30:01.000Z","timeline":[],"isCommentDisabled":false,"topic":"Permutation& Combination Lect 02","url":"https://www.youtube.com/embed/e7Is5-jBNDo","isDPPVideos":false,"isDoubtEnabled":false,"isPathshala":false,"videoDetails":{"name":"Permutation and Combination in 1 Shot (Part 2) - All Concepts, Tricks & PYQs | JEE Main & Advanced","image":"https://i.ytimg.com/vi/e7Is5-jBNDo/mqdefault.jpg","embedCode":"https://www.youtube.com/embed/e7Is5-jBNDo","description":"Part 1 - https://youtu.be/THHeijYTfKs  To download Lecture Notes, Practice Sheet & Practice Sheet Video Solution, Visit MANZIL Batch in Batch Section of PW App(http://bit.ly/3ru9Agh).  📝 Note: This B","duration":"3:24:21","_id":"60d416b86e46a1001ffbc16b","createdAt":"2021-06-24T05:23:04.418Z"},"dRoomId":"","isBatchDoubtEnabled":false},{"_id":"60ad1533695c02001132e7a9","restrictedSchedule":false,"restrictedTime":0,"urlType":"youtube","tags":[{"_id":"60ca4ffe44d41f001f4e4231","name":"Permutation & Combination"}],"isFree":false,"isChatEnabled":false,"status":"PENDING","date":"2021-06-17T00:00:01.000Z","startTime":"2021-06-17T19:30:01.000Z","endTime":"2021-06-17T19:30:01.000Z","timeline":[],"isCommentDisabled":false,"topic":"Permutation & Combination Part 1","url":"https://www.youtube.com/embed/THHeijYTfKs","isDPPVideos":false,"isDoubtEnabled":false,"isPathshala":false,"videoDetails":{"name":"Permutation and Combination in 1 Shot (Part 1) - All Concepts, Tricks & PYQs | JEE Main & Advanced","image":"https://i.ytimg.com/vi/THHeijYTfKs/mqdefault.jpg","embedCode":"https://www.youtube.com/embed/THHeijYTfKs","description":"To download Lecture Notes, Practice Sheet & Practice Sheet Video Solution, Visit MANZIL Batch in Batch Section of PW App(http://bit.ly/3ru9Agh).  📝 Note: This Batch is Completely FREE, You just have ","duration":"6:37:47","_id":"60cdc82dfd2f3e00110e99b2","createdAt":"2021-06-19T10:34:21.773Z"},"dRoomId":"","isBatchDoubtEnabled":false}]}