{"data":[{"_id":"60ad14e805e03400186e2d90","isFree":false,"status":"PENDING","date":"2021-06-09T00:00:01.000Z","startTime":"2021-06-09T13:30:01.000Z","isDPPNotes":false,"homeworkIds":[{"_id":"60c0c2aa782b02001f7adbaf","actions":["Open","Download","Print"],"topic":"Laws of Motion : Practice Sheet Solution","note":"Classnotes","attachmentIds":[{"_id":"60c0c2a8782b02001f7adbad","name":"NLM_DPP-1_Manzil_Solutions_compressed.pdf","baseUrl":"https://d1qs8w2pzjtoy9.cloudfront.net/","key":"5eb393ee95fab7468a79d189/cd3d0362-baae-470d-a9ce-64526f86bfc4.pdf"}],"batchSubjectId":"60ad14e805e03400186e2cc9"}],"dRoomId":"","isBatchDoubtEnabled":false},{"_id":"60ad14e805e03400186e2d83","isFree":false,"status":"PENDING","date":"2021-06-08T00:00:01.000Z","startTime":"2021-06-08T10:30:01.000Z","isDPPNotes":false,"homeworkIds":[{"_id":"60bf967ede5022001f8a2bd9","actions":["Open","Download","Print"],"topic":"Laws of Motion: Lect notes","note":"NOTES","attachmentIds":[{"_id":"60bf967d3ff5c300118a7d85","name":"Newton's Laws of Motion_Physics_Manzil_Rohit Sir.pdf","baseUrl":"https://d1qs8w2pzjtoy9.cloudfront.net/","key":"5eb393ee95fab7468a79d189/50821db7-22c3-4afe-847e-d7a3acec45ce.pdf"}],"batchSubjectId":"60ad14e805e03400186e2cc9"},{"_id":"60bf698ca38851001f123861","actions":["Open","Download","Print"],"topic":"Laws of Motion: Practice Sheet","note":"NOTES","attachmentIds":[{"_id":"60bf698ad533ec001fdd2bd2","name":"NLM Manzil.pdf","baseUrl":"https://d1qs8w2pzjtoy9.cloudfront.net/","key":"5eb393ee95fab7468a79d189/75e1a5b5-ec07-42c1-b4d4-6a83c5f75d1e.pdf"}],"batchSubjectId":"60ad14e805e03400186e2cc9"}],"dRoomId":"","isBatchDoubtEnabled":false}]}