{"data":[{"_id":"60ad14e805e03400186e2d90","restrictedSchedule":false,"restrictedTime":0,"urlType":"youtube","tags":[{"_id":"60bf695f72ee2e0011380297","name":"Laws of Motion"}],"isFree":false,"isChatEnabled":false,"status":"PENDING","date":"2021-06-09T00:00:01.000Z","startTime":"2021-06-09T13:30:01.000Z","endTime":"2021-06-09T13:30:01.000Z","timeline":[],"isCommentDisabled":false,"topic":"Laws of Motion : Solution to Practice Sheet","url":"https://www.youtube.com/embed/cXmzEkItZDI","isDPPVideos":false,"isDoubtEnabled":false,"isPathshala":false,"videoDetails":{"name":"NLM - DPP -1 Video Solution","image":"https://i.ytimg.com/vi/cXmzEkItZDI/mqdefault.jpg","embedCode":"https://www.youtube.com/embed/cXmzEkItZDI","description":"Manzil Batch","duration":"1:44:44","_id":"60c0c2f77edae100128756be","createdAt":"2021-06-09T13:32:39.733Z"},"dRoomId":"","isBatchDoubtEnabled":false},{"_id":"60ad14e805e03400186e2d83","restrictedSchedule":false,"restrictedTime":0,"urlType":"youtube","tags":[{"_id":"60bf695f72ee2e0011380297","name":"Laws of Motion"}],"isFree":false,"isChatEnabled":false,"status":"PENDING","date":"2021-06-08T00:00:01.000Z","startTime":"2021-06-08T10:30:01.000Z","endTime":"2021-06-08T10:30:01.000Z","timeline":[],"isCommentDisabled":false,"topic":"Laws of Motion One Shot","url":"https://www.youtube.com/embed/P5_DKoajUT4","isDPPVideos":false,"isDoubtEnabled":false,"isPathshala":false,"videoDetails":{"name":"Laws of Motion in 1 Shot - All Concepts, Tricks and PYQs Covered | Class 11 | JEE Main & Advanced","image":"https://i.ytimg.com/vi/P5_DKoajUT4/mqdefault.jpg","embedCode":"https://www.youtube.com/embed/P5_DKoajUT4","description":"To download Lecture Notes, Practice Sheet & Practice Sheet Video Solution, Visit MANZIL Batch in Batch Section of PW App(http://bit.ly/3ru9Agh).  📝 Note: This Batch is Completely FREE, You just have ","duration":"5:25:42","_id":"60cdc3d0f878690011db96d0","createdAt":"2021-06-19T10:15:44.359Z"},"dRoomId":"","isBatchDoubtEnabled":false}]}