{"data":[{"_id":"612868595b915f0012b416f7","isFree":false,"status":"PENDING","date":"2021-09-06T00:00:01.000Z","startTime":"2021-09-06T11:30:01.000Z","isDPPNotes":false,"homeworkIds":[{"_id":"613604ccdd2edb0011dfc59b","actions":["Open","Download","Print"],"topic":"Trigonometry Part 01 : Practice Sheet Solution","note":"Classnotes","attachmentIds":[{"_id":"613604c20112ef005268cf4c","name":"Trigonometry Part-1 (Manzil)_slide solution.pdf","baseUrl":"https://d2bps9p1kiy4ka.cloudfront.net/","key":"5eb393ee95fab7468a79d189/00cb58d4-4d4a-42a7-95c8-b11bc572e3a4.pdf"}],"batchSubjectId":"60ad1533695c02001132e778"}],"dRoomId":"","isBatchDoubtEnabled":false},{"_id":"6134b70b351d81005840211d","isFree":false,"status":"PENDING","date":"2021-09-05T18:29:59.000Z","startTime":"2021-09-05T11:30:59.000Z","isDPPNotes":false,"homeworkIds":[{"_id":"6135024cc50b1600b6fa1181","actions":["Open","Download","Print"],"topic":"Trigonometry Part 01 : Lect Notes","note":"Classnotes","attachmentIds":[{"_id":"61350247dfb3db00d0f1827e","name":"Trigonometry Part 1 In ManZil Batch By Kundan Sir_compressed.pdf","baseUrl":"https://d2bps9p1kiy4ka.cloudfront.net/","key":"5eb393ee95fab7468a79d189/f024d469-ceef-4d58-9369-81407fdc915a.pdf"}],"batchSubjectId":"60ad1533695c02001132e778"},{"_id":"6134b6b387874700e3638721","actions":["Open","Download","Print"],"topic":"Trigonometry Part 01 : Practice Sheet","note":"DPP","attachmentIds":[{"_id":"6134b6a722e80100777a771a","name":"DPP-Basic Maths_Manzil Batch_Surjeet_kumar.pdf","baseUrl":"https://d2bps9p1kiy4ka.cloudfront.net/","key":"5eb393ee95fab7468a79d189/052d0004-1fb1-4af4-b3c5-e374ac958e9a.pdf"}],"batchSubjectId":"60ad1533695c02001132e778"}],"dRoomId":"","isBatchDoubtEnabled":false}]}