{"data":[{"_id":"612868595b915f0012b416f7","restrictedSchedule":false,"restrictedTime":0,"urlType":"youtube","tags":[{"_id":"6134b76066117c008092bda8","name":"Trigonometry"}],"isFree":false,"isChatEnabled":false,"isDoubtEnabled":false,"isCommentDisabled":false,"status":"PENDING","date":"2021-09-06T00:00:01.000Z","startTime":"2021-09-06T11:30:01.000Z","endTime":"2021-09-06T12:30:01.000Z","timeline":[],"topic":"Trigonometry Part 01 : Solution to Practice Sheet","url":"https://www.youtube.com/embed/xOLoSAZ-YxA","isDPPVideos":false,"isPathshala":false,"videoDetails":{"name":"Trigonometry Part 01 : Solution to Practice Sheet","image":"https://i.ytimg.com/vi/xOLoSAZ-YxA/mqdefault.jpg","embedCode":"https://www.youtube.com/embed/xOLoSAZ-YxA","description":"","duration":"1:51:58","_id":"61360aaa9e6ff400388efa77","createdAt":"2021-09-06T12:33:46.380Z"},"dRoomId":"","isBatchDoubtEnabled":false},{"_id":"6134b70b351d81005840211d","restrictedSchedule":false,"restrictedTime":0,"urlType":"youtube","tags":[{"_id":"6134b76066117c008092bda8","name":"Trigonometry"}],"isFree":false,"isChatEnabled":false,"isDoubtEnabled":false,"isCommentDisabled":false,"status":"PENDING","topic":"Trigonometry Part 01","date":"2021-09-05T18:29:59.000Z","startTime":"2021-09-05T11:30:59.000Z","endTime":"2021-09-05T11:30:59.000Z","timeline":[],"url":"https://www.youtube.com/embed/Od3AR7B5vsc","isDPPVideos":false,"isPathshala":false,"videoDetails":{"name":"TRIGONOMETRY IN ONE SHOT (Part 1) - All Concepts & PYQs | Class 11 | JEE Main & Advanced","image":"https://i.ytimg.com/vi/Od3AR7B5vsc/mqdefault.jpg","embedCode":"https://www.youtube.com/embed/Od3AR7B5vsc","description":"Nothing matters more than your results!! Submit your JEE application on the link below and toppers will get exciting scholarships/prizes. https://forms.gle/VgZbrsCvn71J8ZCs6   ▶ To download Lecture No","duration":"7:03:36","_id":"6137a5389f21fc0081132e23","createdAt":"2021-09-07T17:45:28.245Z"},"dRoomId":"","isBatchDoubtEnabled":false}]}