{"data":[{"_id":"60ad1533695c02001132e7b8","isFree":false,"status":"PENDING","date":"2021-07-02T00:00:01.000Z","startTime":"2021-07-02T13:30:01.000Z","isDPPNotes":false,"homeworkIds":[{"_id":"60df2b71e0fa910011ea6da0","actions":["Open","Download","Print"],"topic":"Straight Lines : Solution to Practice Sheet","note":"Classnotes","attachmentIds":[{"_id":"60df2b6f852f880018ece33b","name":"Straight Line Manjil Batch sol.pdf","baseUrl":"https://d1qs8w2pzjtoy9.cloudfront.net/","key":"5eb393ee95fab7468a79d189/c5831207-ab9a-48c6-8032-2214615a84e1.pdf"}],"batchSubjectId":"60ad1533695c02001132e778"}],"dRoomId":"","isBatchDoubtEnabled":false},{"_id":"60ad1533695c02001132e79d","isFree":false,"status":"PENDING","date":"2021-06-30T00:00:01.000Z","startTime":"2021-06-30T12:30:01.000Z","isDPPNotes":false,"homeworkIds":[{"_id":"60dcb6319ed38d0043e00e0f","actions":["Open","Download","Print"],"topic":"Straight Line lect notes","note":"NOTES","attachmentIds":[{"_id":"60dcb62d64b0b000459a1889","name":"Straight line One Shot (Shivam sir) Manzil batch.pdf","baseUrl":"https://d1qs8w2pzjtoy9.cloudfront.net/","key":"5eb393ee95fab7468a79d189/421b871b-a037-497e-a7b1-e00cbc2b23e8.pdf"}],"batchSubjectId":"60ad1533695c02001132e778"},{"_id":"60dc82428a5c3a0018c57d7f","actions":["Open","Download","Print"],"topic":"Straight Line : Practice Sheet","note":"DPP","attachmentIds":[{"_id":"60dc8240e63c3d0018ad96ab","name":"Straight Line_ Assignment_MANZIL BATCH.pdf","baseUrl":"https://d1qs8w2pzjtoy9.cloudfront.net/","key":"5eb393ee95fab7468a79d189/25f17acd-0a93-4a82-a780-085c116df95e.pdf"}],"batchSubjectId":"60ad1533695c02001132e778"}],"dRoomId":"","isBatchDoubtEnabled":false}]}