{"data":[{"_id":"60ad1533695c02001132e7b8","restrictedSchedule":false,"restrictedTime":0,"urlType":"youtube","tags":[{"_id":"60dc828395602a003571a58c","name":"Straight Line"}],"isFree":false,"isChatEnabled":false,"status":"PENDING","date":"2021-07-02T00:00:01.000Z","startTime":"2021-07-02T13:30:01.000Z","endTime":"2021-07-02T14:30:01.000Z","timeline":[],"isCommentDisabled":false,"topic":"Straight Lines : Solution to Practice Sheet","url":"https://www.youtube.com/embed/-qCuSiZyHYU","isDPPVideos":false,"isDoubtEnabled":false,"isPathshala":false,"videoDetails":{"name":"Straight Lines : Solution to Practice Sheet","image":"https://i.ytimg.com/vi/-qCuSiZyHYU/mqdefault.jpg","embedCode":"https://www.youtube.com/embed/-qCuSiZyHYU","description":"","duration":"1:45:53","_id":"60df30dcc8b36b001163a4fa","createdAt":"2021-07-02T15:29:32.750Z"},"dRoomId":"","isBatchDoubtEnabled":false},{"_id":"60ad1533695c02001132e79d","restrictedSchedule":false,"restrictedTime":0,"urlType":"youtube","tags":[{"_id":"60dc828395602a003571a58c","name":"Straight Line"}],"isFree":false,"isChatEnabled":false,"status":"PENDING","date":"2021-06-30T00:00:01.000Z","startTime":"2021-06-30T12:30:01.000Z","endTime":"2021-06-30T12:30:01.000Z","timeline":[],"isCommentDisabled":false,"topic":"Straight Line in One Shot","url":"https://www.youtube.com/embed/BduLIld_p7g","isDPPVideos":false,"isDoubtEnabled":false,"isPathshala":false,"videoDetails":{"name":"STRAIGHT LINE in One Shot - All Concepts, Tricks & PYQs | Class 11 | JEE Main & Advanced","image":"https://i.ytimg.com/vi/BduLIld_p7g/mqdefault.jpg","embedCode":"https://www.youtube.com/embed/BduLIld_p7g","description":"▶ To download Lecture Notes, Practice Sheet & Practice Sheet Video Solution, Visit MANZIL Batch in Batch Section of PhysicsWallah App/Website. 📲PW App Link - https://bit.ly/YTAI_Jee 🌐PW Website - ht","duration":"6:40:31","_id":"62c56dc67664f500194a7435","createdAt":"2022-07-06T11:11:02.572Z"},"dRoomId":"","isBatchDoubtEnabled":false}]}