{"data":[{"_id":"60f52cfec9167f0017b86821","isFree":false,"status":"PENDING","date":"2021-07-19T18:29:59.000Z","startTime":"2021-07-19T07:30:59.000Z","isDPPNotes":false,"homeworkIds":[{"_id":"60f52c8676b1d10018f44896","actions":["Open","Download","Print"],"topic":"Statistics : Lect Notes","note":"Classnotes","attachmentIds":[{"_id":"60f52ccfc7e72701d08cce7c","name":"stats_manzil_shivam sir.pdf","baseUrl":"https://d1qs8w2pzjtoy9.cloudfront.net/","key":"5eb393ee95fab7468a79d189/9795d5d8-1137-41b6-b9cd-f1c44f603f8f.pdf"}],"batchSubjectId":"60ad1533695c02001132e778"}],"dRoomId":"","isBatchDoubtEnabled":false},{"_id":"60ad1533695c02001132e786","isFree":false,"status":"PENDING","date":"2021-07-19T00:00:01.000Z","startTime":"2021-07-19T05:30:01.000Z","isDPPNotes":false,"homeworkIds":[{"_id":"60f52db2fe0dc60012f1bfe0","actions":["Open","Download","Print"],"topic":"Mathematical Reasoning : Practice Sheet","note":"DPP","attachmentIds":[{"_id":"60f52da7c617fd0018c36247","name":"MATHEMATICAL MODELLING TEXT FILE.pdf","baseUrl":"https://d1qs8w2pzjtoy9.cloudfront.net/","key":"5eb393ee95fab7468a79d189/93c68ac5-f4cb-4188-b6c9-5e7b3efdd19e.pdf"}],"batchSubjectId":"60ad1533695c02001132e778"},{"_id":"60f5195ddf110e0135777e78","actions":["Open","Download","Print"],"topic":"Mathematical Reasoning : Lect Notes","note":"Classnotes","attachmentIds":[{"_id":"60f5190628bb45016fe935e7","name":"Mathematical reasoning _manzil_shivam sir_compressed.pdf","baseUrl":"https://d1qs8w2pzjtoy9.cloudfront.net/","key":"5eb393ee95fab7468a79d189/5fa4f65b-0987-4967-8ee7-5af32fb6d52b.pdf"}],"batchSubjectId":"60ad1533695c02001132e778"}],"dRoomId":"","isBatchDoubtEnabled":false},{"_id":"60f45756477b11015d6e86b6","isFree":false,"status":"PENDING","date":"2021-07-18T18:29:59.000Z","startTime":"2021-07-18T16:30:59.000Z","isDPPNotes":false,"homeworkIds":[{"_id":"60f45731c7e72701d08bf54c","actions":["Open","Download","Print"],"topic":"3-D Geometry : Practice Sheet","note":"DPP","attachmentIds":[{"_id":"60f4572b0a3bb701b017c570","name":"2_3d Geometry1_1st proof (1).pdf","baseUrl":"https://d1qs8w2pzjtoy9.cloudfront.net/","key":"5eb393ee95fab7468a79d189/2f767dd8-7618-45a4-9a1c-4626aac84d45.pdf"}],"batchSubjectId":"60ad1533695c02001132e778"},{"_id":"60f45704924fae0018f4e378","actions":["Open","Download","Print"],"topic":"3-D Geometry : Lect Notes","note":"Classnotes","attachmentIds":[{"_id":"60f456fddc94b1005e78ae43","name":"3-D OneShot Manzil Batch (Sachin Sir)_compressed.pdf","baseUrl":"https://d1qs8w2pzjtoy9.cloudfront.net/","key":"5eb393ee95fab7468a79d189/87d4d40e-aafd-4a9f-8260-720aee6817ad.pdf"}],"batchSubjectId":"60ad1533695c02001132e778"}],"dRoomId":"","isBatchDoubtEnabled":false},{"_id":"60f3ec48c9167f0017b6bd29","isFree":false,"status":"PENDING","date":"2021-07-18T18:29:59.000Z","startTime":"2021-07-18T08:30:59.000Z","isDPPNotes":false,"homeworkIds":[{"_id":"60f43d6fada9ab00112788a2","actions":["Open","Download","Print"],"topic":"Vectors : Practice Sheet","note":"DPP","attachmentIds":[{"_id":"60f43d68fc421a00111a0b1d","name":"Vectors & 3d Geometry_Manzil Batch.pdf","baseUrl":"https://d1qs8w2pzjtoy9.cloudfront.net/","key":"5eb393ee95fab7468a79d189/4e6a4515-d5c8-42a3-80f5-363c61d87722.pdf"}],"batchSubjectId":"60ad1533695c02001132e778"},{"_id":"60f3ec068fad7f001e84c6ec","actions":["Open","Download","Print"],"topic":"Vectors : Lect Notes","note":"Classnotes","attachmentIds":[{"_id":"60f3ebfbdb3cfc0076f38d2d","name":"Vectors -One Shot_Manzil_(Sachin Sir)_compressed.pdf","baseUrl":"https://d1qs8w2pzjtoy9.cloudfront.net/","key":"5eb393ee95fab7468a79d189/fbc1dbe2-1306-4d30-a929-f6161e442619.pdf"}],"batchSubjectId":"60ad1533695c02001132e778"}],"dRoomId":"","isBatchDoubtEnabled":false},{"_id":"60ad1533695c02001132e7c7","isFree":false,"status":"PENDING","date":"2021-07-17T00:00:01.000Z","startTime":"2021-07-17T14:30:01.000Z","isDPPNotes":false,"homeworkIds":[{"_id":"60f2f0a865e6810062e5fca8","actions":["Open","Download","Print"],"topic":"Probability : Lect Notes","note":"Classnotes","attachmentIds":[{"_id":"60f2f09f51f5f20012a3cf8c","name":"Probability in ManZil By Kundan Sir_compressed.pdf","baseUrl":"https://d1qs8w2pzjtoy9.cloudfront.net/","key":"5eb393ee95fab7468a79d189/d5ec6ada-53b4-430f-9f53-4ec676575700.pdf"}],"batchSubjectId":"60ad1533695c02001132e778"}],"dRoomId":"","isBatchDoubtEnabled":false},{"_id":"60ad1533695c02001132e7ba","isFree":false,"status":"PENDING","date":"2021-07-16T00:00:01.000Z","startTime":"2021-07-16T14:30:01.000Z","isDPPNotes":false,"homeworkIds":[{"_id":"60f1a2ac69910d0011042aef","actions":["Open","Download","Print"],"topic":"AOI & Differential Equation : Lect Notes","note":"Classnotes","attachmentIds":[{"_id":"60f1a29e1d59b300117b6e9e","name":"AOI & Differential Equations In ManZil By Kundan Sir_compressed.pdf","baseUrl":"https://d1qs8w2pzjtoy9.cloudfront.net/","key":"5eb393ee95fab7468a79d189/11322943-640b-4bc3-a2dc-ad0ce3f237e0.pdf"}],"batchSubjectId":"60ad1533695c02001132e778"}],"dRoomId":"","isBatchDoubtEnabled":false},{"_id":"60ad1533695c02001132e7ad","isFree":false,"status":"PENDING","date":"2021-07-15T00:00:01.000Z","startTime":"2021-07-15T14:30:01.000Z","isDPPNotes":false,"homeworkIds":[{"_id":"60f04bc11f20be007f0a8592","actions":["Open","Download","Print"],"topic":"Definite Integration : Lect Notes","note":"Classnotes","attachmentIds":[{"_id":"60f04b9a2429400018767c52","name":"Definite Integration in ManZil Batch By Kundan Sir_compressed.pdf","baseUrl":"https://d1qs8w2pzjtoy9.cloudfront.net/","key":"5eb393ee95fab7468a79d189/8d2e04d6-1f0c-4dbc-b0b3-bbdce2946c77.pdf"}],"batchSubjectId":"60ad1533695c02001132e778"}],"dRoomId":"","isBatchDoubtEnabled":false},{"_id":"60ef29678b7e050018da1e0e","isFree":false,"status":"PENDING","date":"2021-07-14T18:29:59.000Z","startTime":"2021-07-14T16:30:59.000Z","isDPPNotes":false,"homeworkIds":[{"_id":"60ef293bf888be00188b1103","actions":["Open","Download","Print"],"topic":"Indefinite Integrations : Lect Notes","note":"Classnotes","attachmentIds":[{"_id":"60ef292769ba0e00182eb8df","name":"Indefinite Integration in ManZil Batch By Kundan Sir_compressed.pdf","baseUrl":"https://d1qs8w2pzjtoy9.cloudfront.net/","key":"5eb393ee95fab7468a79d189/0902b7c6-1114-4cc1-b234-44796cfd4d79.pdf"}],"batchSubjectId":"60ad1533695c02001132e778"}],"dRoomId":"","isBatchDoubtEnabled":false},{"_id":"60ef102e49deb5001872b52a","isFree":false,"status":"PENDING","date":"2021-07-14T18:29:59.000Z","startTime":"2021-07-14T15:30:59.000Z","isDPPNotes":false,"homeworkIds":[{"_id":"60ef0ef45d4948001806f5e8","actions":["Open","Download","Print"],"topic":"Application of Derivatives : Practice Sheet","note":"DPP","attachmentIds":[{"_id":"60ef0ee1ef205800184851f0","name":"Application of Derivatives_Manzil Batch.pdf","baseUrl":"https://d1qs8w2pzjtoy9.cloudfront.net/","key":"5eb393ee95fab7468a79d189/8c702af3-7950-415a-8a45-1ccabe74cd29.pdf"}],"batchSubjectId":"60ad1533695c02001132e778"}],"dRoomId":"","isBatchDoubtEnabled":false},{"_id":"60ef13df9c6fa40018634976","isFree":false,"status":"PENDING","date":"2021-07-14T18:29:59.000Z","startTime":"2021-07-14T15:30:59.000Z","isDPPNotes":false,"homeworkIds":[{"_id":"60ef12e71bc8ae00183581bd","actions":["Open","Download","Print"],"topic":"Integrals : Practice Sheet","note":"DPP","attachmentIds":[{"_id":"60ef12d11bc8ae001835819b","name":"Integrals Manzil.pdf","baseUrl":"https://d1qs8w2pzjtoy9.cloudfront.net/","key":"5eb393ee95fab7468a79d189/f25dc5a3-210c-4252-84a4-a956c80f6ce8.pdf"}],"batchSubjectId":"60ad1533695c02001132e778"}],"dRoomId":"","isBatchDoubtEnabled":false},{"_id":"60edab137b52c50012c4e32b","isFree":false,"status":"PENDING","date":"2021-07-13T18:29:59.000Z","startTime":"2021-07-13T15:00:59.000Z","isDPPNotes":false,"homeworkIds":[{"_id":"60edaae8f4b44c0012d2427f","actions":["Open","Download","Print"],"topic":"Application of Derivatives : Lect Notes","note":"Classnotes","attachmentIds":[{"_id":"60edaae4515cd50018db6c53","name":"Application of Derivative in Manzil Batch By Kundan Sir_compressed.pdf","baseUrl":"https://d1qs8w2pzjtoy9.cloudfront.net/","key":"5eb393ee95fab7468a79d189/0b869194-626d-47b5-8a40-bfbe63bd7cca.pdf"}],"batchSubjectId":"60ad1533695c02001132e778"}],"dRoomId":"","isBatchDoubtEnabled":false},{"_id":"60ed6adaaa6b8a0011568b7c","isFree":false,"status":"PENDING","date":"2021-07-13T18:29:59.000Z","startTime":"2021-07-13T10:30:59.000Z","isDPPNotes":false,"homeworkIds":[{"_id":"60ed6aa3a5174300186acc7f","actions":["Open","Download","Print"],"topic":"Limits and Derivatives : Practice Sheet","note":"DPP","attachmentIds":[{"_id":"60ed6a9fc60a1f00116c1c6c","name":"Limit and Derivative-DPP-01_Manzil Batch_.pdf","baseUrl":"https://d1qs8w2pzjtoy9.cloudfront.net/","key":"5eb393ee95fab7468a79d189/51c42d82-ffce-49f1-9238-ecb24ae67b10.pdf"}],"batchSubjectId":"60ad1533695c02001132e778"}],"dRoomId":"","isBatchDoubtEnabled":false},{"_id":"60ad1533695c02001132e792","isFree":false,"status":"PENDING","date":"2021-07-13T00:00:01.000Z","startTime":"2021-07-13T07:30:01.000Z","isDPPNotes":false,"homeworkIds":[{"_id":"60ed4b2fd6558c001890d86f","actions":["Open","Download","Print"],"topic":"Continuity & Differentiability : Lect Notes","note":"Classnotes","attachmentIds":[{"_id":"60ed4b244a38e000185cbcf4","name":"Continuity &Differentiability in Manzil Batch By Kundan Sir_compressed.pdf","baseUrl":"https://d1qs8w2pzjtoy9.cloudfront.net/","key":"5eb393ee95fab7468a79d189/ac4fa817-69c4-4d50-81b3-4effe62d0d66.pdf"}],"batchSubjectId":"60ad1533695c02001132e778"}],"dRoomId":"","isBatchDoubtEnabled":false},{"_id":"60ec529002791800189a9ea7","isFree":false,"status":"PENDING","date":"2021-07-12T18:29:59.000Z","startTime":"2021-07-12T14:30:59.000Z","isDPPNotes":false,"homeworkIds":[{"_id":"60ec52678e89c40018c145fd","actions":["Open","Download","Print"],"topic":"Matrices and Determinants : Practice Sheet","note":"DPP","attachmentIds":[{"_id":"60ec525fa83e980018f35480","name":"MATRICES AND DETERMINANTS_1st Proof.pdf","baseUrl":"https://d1qs8w2pzjtoy9.cloudfront.net/","key":"5eb393ee95fab7468a79d189/f77b598c-0505-41eb-9227-2333d7d0b80a.pdf"}],"batchSubjectId":"60ad1533695c02001132e778"}],"dRoomId":"","isBatchDoubtEnabled":false},{"_id":"60ebf60f4c84ac0036074044","isFree":false,"status":"PENDING","date":"2021-07-12T18:29:59.000Z","startTime":"2021-07-12T07:30:59.000Z","isDPPNotes":false,"homeworkIds":[{"_id":"60ebf58e0de828001149c261","actions":["Open","Download","Print"],"topic":"Limit and Derivatives : Lect Notes","note":"Classnotes","attachmentIds":[{"_id":"60ebf589faa98d019dd86f6b","name":"Limit & Derivatives in ManZil By Kundan Sir_compressed.pdf","baseUrl":"https://d1qs8w2pzjtoy9.cloudfront.net/","key":"5eb393ee95fab7468a79d189/285f9834-f9ba-4263-bd3d-783b403ba1b3.pdf"}],"batchSubjectId":"60ad1533695c02001132e778"}],"dRoomId":"","isBatchDoubtEnabled":false},{"_id":"60ad1533695c02001132e785","isFree":false,"status":"PENDING","date":"2021-07-12T00:00:01.000Z","startTime":"2021-07-12T05:30:01.000Z","isDPPNotes":false,"homeworkIds":[{"_id":"60ebd01c11de5400186db7a5","actions":["Open","Download","Print"],"topic":"Functions : Practice Sheet","note":"DPP","attachmentIds":[{"_id":"60ebd011e8c4f60018e57a64","name":"functions.pdf","baseUrl":"https://d1qs8w2pzjtoy9.cloudfront.net/","key":"5eb393ee95fab7468a79d189/847449de-a374-4dbb-92fd-7be77830ecae.pdf"}],"batchSubjectId":"60ad1533695c02001132e778"}],"dRoomId":"","isBatchDoubtEnabled":false},{"_id":"60eaa7bd8988d80011c89b88","isFree":false,"status":"PENDING","date":"2021-07-11T18:29:59.000Z","startTime":"2021-07-11T07:30:59.000Z","isDPPNotes":false,"homeworkIds":[{"_id":"60eaa75ecf649f00184a5372","actions":["Open","Download","Print"],"topic":"Matrices and Determinants : Lect Notes","note":"Classnotes","attachmentIds":[{"_id":"60eaa75bedf3650018913f5c","name":"Matrices & Determinants in Manzil Batch By Kundan Sir_compressed.pdf","baseUrl":"https://d1qs8w2pzjtoy9.cloudfront.net/","key":"5eb393ee95fab7468a79d189/a8f29d14-a30f-4edc-8a35-9ae0467a15b6.pdf"}],"batchSubjectId":"60ad1533695c02001132e778"}],"dRoomId":"","isBatchDoubtEnabled":false},{"_id":"60ad1533695c02001132e7c6","isFree":false,"status":"PENDING","date":"2021-07-10T00:00:01.000Z","startTime":"2021-07-10T09:30:01.000Z","isDPPNotes":false,"homeworkIds":[{"_id":"60e990bfc335980011bd7d11","actions":["Open","Download","Print"],"topic":"Functions : Lect Notes","note":"Classnotes","attachmentIds":[{"_id":"60e990b962447c0011b5d828","name":"Functions in Manzil Batch By Kundan Sir_compressed.pdf","baseUrl":"https://d1qs8w2pzjtoy9.cloudfront.net/","key":"5eb393ee95fab7468a79d189/530d77d4-9448-4380-8f7a-a46f5d2c6b27.pdf"}],"batchSubjectId":"60ad1533695c02001132e778"}],"dRoomId":"","isBatchDoubtEnabled":false},{"_id":"60eeb478c5428e0018b03319","isFree":false,"status":"PENDING","date":"2021-07-10T18:29:59.000Z","startTime":"2021-07-10T04:30:59.000Z","isDPPNotes":false,"homeworkIds":[{"_id":"60e856a489590200110bc17d","actions":["Open","Download","Print"],"topic":"Inverse Trigonometry Functions : Lect Notes","note":"Classnotes","attachmentIds":[{"_id":"60e856816a6e060011c41241","name":"inverse_manzil_shivam sir.pdf","baseUrl":"https://d1qs8w2pzjtoy9.cloudfront.net/","key":"5eb393ee95fab7468a79d189/ce975a97-ad89-4562-945b-4a62ddfa5304.pdf"}],"batchSubjectId":"60ad1533695c02001132e778"}],"dRoomId":"","isBatchDoubtEnabled":false},{"_id":"60e856f1576f3000111b7873","isFree":false,"status":"PENDING","date":"2021-07-09T18:29:59.000Z","startTime":"2021-07-09T14:00:59.000Z","isDPPNotes":false,"homeworkIds":[{"_id":"60e856a489590200110bc17d","actions":["Open","Download","Print"],"topic":"Inverse Trigonometry Functions : Lect Notes","note":"Classnotes","attachmentIds":[{"_id":"60e856816a6e060011c41241","name":"inverse_manzil_shivam sir.pdf","baseUrl":"https://d1qs8w2pzjtoy9.cloudfront.net/","key":"5eb393ee95fab7468a79d189/ce975a97-ad89-4562-945b-4a62ddfa5304.pdf"}],"batchSubjectId":"60ad1533695c02001132e778"}],"dRoomId":"","isBatchDoubtEnabled":false},{"_id":"60e824bf206b3a0019f520ad","isFree":false,"status":"PENDING","date":"2021-07-09T18:29:59.000Z","startTime":"2021-07-09T10:30:59.000Z","isDPPNotes":false,"homeworkIds":[{"_id":"60e8247da35ea400185a07d5","actions":["Open","Download","Print"],"topic":"Trigonometry (Ratio, Equation and Equation) : Practice Sheet","note":"DPP","attachmentIds":[{"_id":"60e8245c206b3a0019f52012","name":"Trigonometry (Ratio, Equation and Inequation).pdf","baseUrl":"https://d1qs8w2pzjtoy9.cloudfront.net/","key":"5eb393ee95fab7468a79d189/9a3e68f4-d1bf-4ac9-b325-546d0939e0db.pdf"}],"batchSubjectId":"60ad1533695c02001132e778"}],"dRoomId":"","isBatchDoubtEnabled":false},{"_id":"60e81a86fb596c001195dc2e","isFree":false,"status":"PENDING","date":"2021-07-09T18:29:59.000Z","startTime":"2021-07-09T09:30:59.000Z","isDPPNotes":false,"homeworkIds":[{"_id":"60e81a5954cbcc0011313fe4","actions":["Open","Download","Print"],"topic":"Solution of Triangles : Lect Notes","note":"Classnotes","attachmentIds":[{"_id":"60e81a5522d0fd0018abe1b6","name":"sot_manzil_shivam sir_compressed.pdf","baseUrl":"https://d1qs8w2pzjtoy9.cloudfront.net/","key":"5eb393ee95fab7468a79d189/debc275c-4234-410e-b5f8-763013ba9f88.pdf"}],"batchSubjectId":"60ad1533695c02001132e778"}],"dRoomId":"","isBatchDoubtEnabled":false},{"_id":"60ad1533695c02001132e7b9","isFree":false,"status":"PENDING","date":"2021-07-09T00:00:01.000Z","startTime":"2021-07-09T07:30:01.000Z","isDPPNotes":false,"homeworkIds":[{"_id":"60e80627cbe7f5001188d96c","actions":["Open","Download","Print"],"topic":"Conic Section - Ellipse and Hyperbola : Practice Sheet","note":"DPP","attachmentIds":[{"_id":"60e806263d8150001185b59d","name":"Conic Section_(Ellipse and Hyperbola)_Maths.pdf","baseUrl":"https://d1qs8w2pzjtoy9.cloudfront.net/","key":"5eb393ee95fab7468a79d189/2e4c493b-3294-4d3d-8d1f-19a547e3156c.pdf"}],"batchSubjectId":"60ad1533695c02001132e778"}],"dRoomId":"","isBatchDoubtEnabled":false},{"_id":"60e70a66fc77de00116115f9","isFree":false,"status":"PENDING","date":"2021-07-08T18:29:59.000Z","startTime":"2021-07-08T13:30:59.000Z","isDPPNotes":false,"homeworkIds":[{"_id":"60e70a3f919c750018641bae","actions":["Open","Download","Print"],"topic":"TRIGONOMETRY (Part 1) : Lect Notes","note":"Classnotes","attachmentIds":[{"_id":"60e70a34c2e13b00182b4a48","name":"Trigonometry _1 (Shivam sir)_compressed.pdf","baseUrl":"https://d1qs8w2pzjtoy9.cloudfront.net/","key":"5eb393ee95fab7468a79d189/0215dff2-fd02-4e0f-8603-907135099045.pdf"}],"batchSubjectId":"60ad1533695c02001132e778"}],"dRoomId":"","isBatchDoubtEnabled":false},{"_id":"60ad1533695c02001132e7ac","isFree":false,"status":"PENDING","date":"2021-07-08T00:00:01.000Z","startTime":"2021-07-08T08:00:01.000Z","isDPPNotes":false,"homeworkIds":[{"_id":"60e6cce6bc730a0011655636","actions":["Open","Download","Print"],"topic":"Conic Section - Ellipse and Hyperbola : Lect Notes","note":"Classnotes","attachmentIds":[{"_id":"60e6cdaaaa833c00113b7986","name":"Ellipse and hyperbola (Shivam sir)_compressed_removed.pdf","baseUrl":"https://d1qs8w2pzjtoy9.cloudfront.net/","key":"5eb393ee95fab7468a79d189/b969a96f-2547-4798-9536-af3f7044e3f0.pdf"}],"batchSubjectId":"60ad1533695c02001132e778"}],"dRoomId":"","isBatchDoubtEnabled":false},{"_id":"60ad1533695c02001132e79e","isFree":false,"status":"PENDING","date":"2021-07-07T00:00:01.000Z","startTime":"2021-07-07T11:30:01.000Z","isDPPNotes":false,"homeworkIds":[{"_id":"60e5a6bd5eb0af0018e84adc","actions":["Open","Download","Print"],"topic":"Conic Section - Parabola : Lect Notes","note":"Classnotes","attachmentIds":[{"_id":"60e5a5e3af71740018b35b34","name":"Parabola (Shivam sir) Manzil Batch_compressed.pdf","baseUrl":"https://d1qs8w2pzjtoy9.cloudfront.net/","key":"5eb393ee95fab7468a79d189/d9750ccf-2701-4976-ad6d-762703ecfc97.pdf"}],"batchSubjectId":"60ad1533695c02001132e778"}],"dRoomId":"","isBatchDoubtEnabled":false}]}