{"data":[{"_id":"60f52cfec9167f0017b86821","restrictedSchedule":false,"restrictedTime":0,"urlType":"youtube","tags":[{"_id":"60e69912cafdba001269537f","name":"Manzil Sprint"}],"isFree":false,"isChatEnabled":false,"isCommentDisabled":false,"status":"PENDING","topic":"Statistics in One Shot","date":"2021-07-19T18:29:59.000Z","startTime":"2021-07-19T07:30:59.000Z","endTime":"2021-07-19T07:30:59.000Z","timeline":[],"url":"https://www.youtube.com/embed/6KWVERJ6NSQ","isDPPVideos":false,"isDoubtEnabled":false,"isPathshala":false,"videoDetails":{"name":"STATISTICS in One Shot - Full Chapter Revision | Class 12 | JEE Main","image":"https://i.ytimg.com/vi/6KWVERJ6NSQ/mqdefault.jpg","embedCode":"https://www.youtube.com/embed/6KWVERJ6NSQ?list=PLxyGaR3hEy3hMp_J9qFG7KYLFOmhkp4-C","description":"▶ To download Lecture Notes, Practice Sheet & Practice Sheet Video Solution, Visit MANZIL Batch in Batch Section of PhysicsWallah App/Website. 📲PW App Link - https://bit.ly/YTAI_Jee 🌐PW Website - ht","duration":"1:04:55","publishedAt":"2021-07-19T07:31:00Z","_id":"646b1c673fc40900185c97d0","createdAt":"2023-05-22T07:40:23.098Z"},"dRoomId":"","isBatchDoubtEnabled":false},{"_id":"60ad1533695c02001132e786","restrictedSchedule":false,"restrictedTime":0,"urlType":"youtube","tags":[{"_id":"60e69912cafdba001269537f","name":"Manzil Sprint"}],"isFree":false,"isChatEnabled":false,"status":"PENDING","date":"2021-07-19T00:00:01.000Z","startTime":"2021-07-19T05:30:01.000Z","endTime":"2021-07-19T05:30:01.000Z","timeline":[],"isCommentDisabled":false,"topic":"Mathematical Reasoning in One Shot","url":"https://www.youtube.com/embed/aSQY0tGj43I","isDPPVideos":false,"isDoubtEnabled":false,"isPathshala":false,"videoDetails":{"name":"MATHEMATICAL REASONING in One Shot - Full Chapter Revision | Class 12 | JEE Main","image":"https://i.ytimg.com/vi/aSQY0tGj43I/mqdefault.jpg","embedCode":"https://www.youtube.com/embed/aSQY0tGj43I","description":"📑 TOPICS COVERED IN THIS LECTURE - 1 Introduction to Mathematical Reasoning 2 Mathematically acceptable statements 3 Connecting words/ phrases 4 Validating the statements involving the connecting wor","duration":"1:12:26","_id":"60f855b2c67137008785325a","createdAt":"2021-07-21T17:13:22.173Z"},"dRoomId":"","isBatchDoubtEnabled":false},{"_id":"60f45756477b11015d6e86b6","restrictedSchedule":false,"restrictedTime":0,"urlType":"youtube","tags":[{"_id":"60e69912cafdba001269537f","name":"Manzil Sprint"}],"isFree":false,"isChatEnabled":false,"isCommentDisabled":false,"status":"PENDING","topic":"3-D Geometry in One Shot","date":"2021-07-18T18:29:59.000Z","startTime":"2021-07-18T16:30:59.000Z","endTime":"2021-07-18T16:30:59.000Z","timeline":[],"url":"https://www.youtube.com/embed/SCS76MrsUlQ","isDPPVideos":false,"isDoubtEnabled":false,"isPathshala":false,"videoDetails":{"name":"3-D GEOMETRY in One Shot - Full Chapter Revision | Class 12 | JEE Main","image":"https://i.ytimg.com/vi/SCS76MrsUlQ/mqdefault.jpg","embedCode":"https://www.youtube.com/embed/SCS76MrsUlQ","description":"💥 REGISTER FOR ALL INDIA JEE MAINS MOCK CUM SCHOLARSHIP TEST 👉 https://bit.ly/AIMExamJee  📝 TOPICS COVERED IN THIS LECTURE -  1 Introduction 2 Direction Cosines and Direction Ratios of a Line 3 Equ","duration":"2:28:27","_id":"60f855703e01b0007cf44642","createdAt":"2021-07-21T17:12:16.573Z"},"dRoomId":"","isBatchDoubtEnabled":false},{"_id":"60f3ec48c9167f0017b6bd29","restrictedSchedule":false,"restrictedTime":0,"urlType":"youtube","tags":[{"_id":"60e69912cafdba001269537f","name":"Manzil Sprint"}],"isFree":false,"isChatEnabled":false,"isCommentDisabled":false,"status":"PENDING","topic":"Vectors in One Shot","date":"2021-07-18T18:29:59.000Z","startTime":"2021-07-18T08:30:59.000Z","endTime":"2021-07-18T08:30:59.000Z","timeline":[],"url":"https://www.youtube.com/embed/MYjKs20yuCc","isDPPVideos":false,"isDoubtEnabled":false,"isPathshala":false,"videoDetails":{"name":"VECTORS in One Shot - Full Chapter Revision | Class 12 | JEE Main","image":"https://i.ytimg.com/vi/MYjKs20yuCc/mqdefault.jpg","embedCode":"https://www.youtube.com/embed/MYjKs20yuCc","description":"💥 REGISTER FOR ALL INDIA JEE MAINS MOCK CUM SCHOLARSHIP TEST 👉 https://bit.ly/AIMExamJee  📝 TOPICS COVERED IN THIS LECTURE -  1.Introduction to Vectors 2.Some Basic Concepts 3.Types of Vectors 4.Ad","duration":"2:25:51","_id":"60f854f5717a460082fb5611","createdAt":"2021-07-21T17:10:13.176Z"},"dRoomId":"","isBatchDoubtEnabled":false},{"_id":"60ad1533695c02001132e7c7","restrictedSchedule":false,"restrictedTime":0,"urlType":"youtube","tags":[{"_id":"60e69912cafdba001269537f","name":"Manzil Sprint"}],"isFree":false,"isChatEnabled":false,"status":"PENDING","date":"2021-07-17T00:00:01.000Z","startTime":"2021-07-17T14:30:01.000Z","endTime":"2021-07-17T14:30:01.000Z","timeline":[],"isCommentDisabled":false,"topic":"Probability : Lect Notes (PDF Only)","url":"https://www.youtube.com/embed/N5FvVLnn8II","isDPPVideos":false,"isDoubtEnabled":false,"isPathshala":false,"videoDetails":{"name":"PROBABILITY in One Shot - Full Chapter Revision | Class 12 | JEE Main","image":"https://i.ytimg.com/vi/N5FvVLnn8II/mqdefault.jpg","embedCode":"https://www.youtube.com/embed/N5FvVLnn8II","description":"💥 REGISTER FOR ALL INDIA JEE MAINS MOCK CUM SCHOLARSHIP TEST 👉 https://bit.ly/AIMExamJee    To download Lecture Notes, Practice Sheet & Practice Sheet Video Solution, Visit MANZIL Batch in Batch Sec","duration":"2:14:06","_id":"60f42a1f906d1e00af056baa","createdAt":"2021-07-18T13:18:23.703Z"},"dRoomId":"","isBatchDoubtEnabled":false},{"_id":"60ad1533695c02001132e7ba","restrictedSchedule":false,"restrictedTime":0,"urlType":"youtube","tags":[{"_id":"60e69912cafdba001269537f","name":"Manzil Sprint"}],"isFree":false,"isChatEnabled":false,"status":"PENDING","date":"2021-07-16T00:00:01.000Z","startTime":"2021-07-16T14:30:01.000Z","endTime":"2021-07-16T14:30:01.000Z","timeline":[],"isCommentDisabled":false,"topic":"AOI & Differential Equation in One Shot","url":"https://www.youtube.com/embed/na3YhYcjL9c","isDPPVideos":false,"isDoubtEnabled":false,"isPathshala":false,"videoDetails":{"name":"AOI & Differential Equation in One Shot - Full Chapter Revision | Class 12 | JEE Main","image":"https://i.ytimg.com/vi/na3YhYcjL9c/mqdefault.jpg","embedCode":"https://www.youtube.com/embed/na3YhYcjL9c","description":"💥 REGISTER FOR ALL INDIA JEE MAINS MOCK CUM SCHOLARSHIP TEST 👉 https://bit.ly/AIMExamJee    To download Lecture Notes, Practice Sheet & Practice Sheet Video Solution, Visit MANZIL Batch in Batch Sec","duration":"2:36:51","_id":"60f42a05c9167f0017b735de","createdAt":"2021-07-18T13:17:57.726Z"},"dRoomId":"","isBatchDoubtEnabled":false},{"_id":"60ad1533695c02001132e7ad","restrictedSchedule":false,"restrictedTime":0,"urlType":"youtube","tags":[{"_id":"60e69912cafdba001269537f","name":"Manzil Sprint"}],"isFree":false,"isChatEnabled":false,"status":"PENDING","date":"2021-07-15T00:00:01.000Z","startTime":"2021-07-15T14:30:01.000Z","endTime":"2021-07-15T14:30:01.000Z","timeline":[],"isCommentDisabled":false,"topic":"Definite Integration in One Shot","url":"https://www.youtube.com/embed/OHpZ3YmKcWQ","isDPPVideos":false,"isDoubtEnabled":false,"isPathshala":false,"videoDetails":{"name":"DEFINITE INTEGRALS in One Shot - Full Chapter Revision | Class 12 | JEE Main","image":"https://i.ytimg.com/vi/OHpZ3YmKcWQ/mqdefault.jpg","embedCode":"https://www.youtube.com/embed/OHpZ3YmKcWQ","description":"💥 REGISTER FOR ALL INDIA JEE MAINS MOCK CUM SCHOLARSHIP TEST 👉 https://bit.ly/AIMExamJee    To download Lecture Notes, Practice Sheet & Practice Sheet Video Solution, Visit MANZIL Batch in Batch Sec","duration":"2:24:46","_id":"60f1862a81b0790011adc4ab","createdAt":"2021-07-16T13:14:18.838Z"},"dRoomId":"","isBatchDoubtEnabled":false},{"_id":"60ef29678b7e050018da1e0e","restrictedSchedule":false,"restrictedTime":0,"urlType":"youtube","tags":[{"_id":"60e69912cafdba001269537f","name":"Manzil Sprint"}],"isFree":false,"isChatEnabled":false,"isCommentDisabled":false,"status":"PENDING","topic":"Indefinite Integrations in One Shot","date":"2021-07-14T18:29:59.000Z","startTime":"2021-07-14T16:30:59.000Z","endTime":"2021-07-14T16:30:59.000Z","timeline":[],"url":"https://www.youtube.com/embed/ZbDIDSsOdWY","isDPPVideos":false,"isDoubtEnabled":false,"isPathshala":false,"videoDetails":{"name":"INDEFINITE INTEGRATION in One Shot - Full Chapter Revision | Class 12 | JEE Main","image":"https://i.ytimg.com/vi/ZbDIDSsOdWY/mqdefault.jpg","embedCode":"https://www.youtube.com/embed/ZbDIDSsOdWY","description":"💥 REGISTER FOR ALL INDIA JEE MAINS MOCK CUM SCHOLARSHIP TEST 👉 https://bit.ly/AIMExamJee    To download Lecture Notes, Practice Sheet & Practice Sheet Video Solution, Visit MANZIL Batch in Batch Sec","duration":"2:30:01","_id":"60f185fb8b6d170011d18bcb","createdAt":"2021-07-16T13:13:31.861Z"},"dRoomId":"","isBatchDoubtEnabled":false},{"_id":"60edab137b52c50012c4e32b","restrictedSchedule":false,"restrictedTime":0,"urlType":"youtube","tags":[{"_id":"60e69912cafdba001269537f","name":"Manzil Sprint"}],"isFree":false,"isChatEnabled":false,"isCommentDisabled":false,"status":"PENDING","topic":"Application of Derivatives in One Shot","date":"2021-07-13T18:29:59.000Z","startTime":"2021-07-13T15:00:59.000Z","endTime":"2021-07-13T15:00:59.000Z","timeline":[],"url":"https://www.youtube.com/embed/lduvNt193eU","isDPPVideos":false,"isDoubtEnabled":false,"isPathshala":false,"videoDetails":{"name":"APPLICATION OF DERIVATIVES in One Shot - Full Chapter Revision | Class 12 | JEE Main","image":"https://i.ytimg.com/vi/lduvNt193eU/mqdefault.jpg","embedCode":"https://www.youtube.com/embed/lduvNt193eU","description":"💥 REGISTER FOR ALL INDIA JEE MAINS MOCK CUM SCHOLARSHIP TEST 👉 https://bit.ly/AIMExamJee    To download Lecture Notes, Practice Sheet & Practice Sheet Video Solution, Visit MANZIL Batch in Batch Sec","duration":"2:05:30","_id":"60eeb5fd9c6fa40018628757","createdAt":"2021-07-14T10:01:33.638Z"},"dRoomId":"","isBatchDoubtEnabled":false},{"_id":"60ed6adaaa6b8a0011568b7c","restrictedSchedule":false,"restrictedTime":0,"urlType":"youtube","tags":[{"_id":"60e69912cafdba001269537f","name":"Manzil Sprint"}],"isFree":false,"isChatEnabled":false,"isCommentDisabled":false,"status":"PENDING","topic":"Limits and Derivatives in One Shot","date":"2021-07-13T18:29:59.000Z","startTime":"2021-07-13T10:30:59.000Z","endTime":"2021-07-13T10:30:59.000Z","timeline":[],"url":"https://www.youtube.com/embed/eHAAx4FL4lo","isDPPVideos":false,"isDoubtEnabled":false,"isPathshala":false,"videoDetails":{"name":"LIMITS AND DERIVATIVES in One Shot - Full Chapter Revision | Class 11 | JEE Main","image":"https://i.ytimg.com/vi/eHAAx4FL4lo/mqdefault.jpg","embedCode":"https://www.youtube.com/embed/eHAAx4FL4lo","description":"💥 REGISTER FOR ALL INDIA JEE MAINS MOCK CUM SCHOLARSHIP TEST 👉 https://bit.ly/AIMExamJee    To download Lecture Notes, Practice Sheet & Practice Sheet Video Solution, Visit MANZIL Batch in Batch Sec","duration":"2:15:56","_id":"60eeb57cdd6e1500115bdf34","createdAt":"2021-07-14T09:59:24.245Z"},"dRoomId":"","isBatchDoubtEnabled":false},{"_id":"60ad1533695c02001132e792","restrictedSchedule":false,"restrictedTime":0,"urlType":"youtube","tags":[{"_id":"60e69912cafdba001269537f","name":"Manzil Sprint"}],"isFree":false,"isChatEnabled":false,"status":"PENDING","date":"2021-07-13T00:00:01.000Z","startTime":"2021-07-13T07:30:01.000Z","endTime":"2021-07-13T07:30:01.000Z","timeline":[],"isCommentDisabled":false,"topic":"Continuity & Differentiability in One Shot","url":"https://www.youtube.com/embed/zd9noKezkZs","isDPPVideos":false,"isDoubtEnabled":false,"isPathshala":false,"videoDetails":{"name":"CONTINUITY & DIFFERENTIABILITY in One Shot - Full Chapter Revision | Class 12 | JEE Main","image":"https://i.ytimg.com/vi/zd9noKezkZs/mqdefault.jpg","embedCode":"https://www.youtube.com/embed/zd9noKezkZs","description":"💥 REGISTER FOR ALL INDIA JEE MAINS MOCK CUM SCHOLARSHIP TEST 👉 https://bit.ly/AIMExamJee    To download Lecture Notes, Practice Sheet & Practice Sheet Video Solution, Visit MANZIL Batch in Batch Sec","duration":"2:10:11","_id":"60eeb5ca8036890018777e24","createdAt":"2021-07-14T10:00:42.451Z"},"dRoomId":"","isBatchDoubtEnabled":false},{"_id":"60ec529002791800189a9ea7","restrictedSchedule":false,"restrictedTime":0,"urlType":"youtube","tags":[{"_id":"60e69912cafdba001269537f","name":"Manzil Sprint"}],"isFree":false,"isChatEnabled":false,"isCommentDisabled":false,"status":"PENDING","topic":"Matrices and Determinants in One Shot","date":"2021-07-12T18:29:59.000Z","startTime":"2021-07-12T14:30:59.000Z","endTime":"2021-07-12T14:30:59.000Z","timeline":[],"url":"https://www.youtube.com/embed/16MgP8aWuWU","isDPPVideos":false,"isDoubtEnabled":false,"isPathshala":false,"videoDetails":{"name":"MATRICES AND DETERMINANTS in One Shot - Full Chapter Revision | Class 12 | JEE Main","image":"https://i.ytimg.com/vi/16MgP8aWuWU/mqdefault.jpg","embedCode":"https://www.youtube.com/embed/16MgP8aWuWU","description":"▶ To download Lecture Notes, Practice Sheet & Practice Sheet Video Solution, Visit MANZIL Batch in Batch Section of PhysicsWallah App/Website. 📲PW App Link - https://bit.ly/YTAI_Jee 🌐PW Website - ht","duration":"2:24:20","publishedAt":"2021-07-11T08:07:21Z","_id":"646f0c300ac8cd0018550842","createdAt":"2023-05-25T07:20:16.183Z"},"dRoomId":"","isBatchDoubtEnabled":false},{"_id":"60ad1533695c02001132e7c6","restrictedSchedule":false,"restrictedTime":0,"urlType":"youtube","tags":[{"_id":"60e69912cafdba001269537f","name":"Manzil Sprint"}],"isFree":false,"isChatEnabled":false,"status":"PENDING","date":"2021-07-10T00:00:01.000Z","startTime":"2021-07-10T09:30:01.000Z","endTime":"2021-07-10T09:30:01.000Z","timeline":[],"isCommentDisabled":false,"topic":"Functions in One Shot","url":"https://www.youtube.com/embed/02sqUVHboj8","isDPPVideos":false,"isDoubtEnabled":false,"isPathshala":false,"videoDetails":{"name":"FUNCTIONS in One Shot - Full Chapter Revision | Class 11 & 12 | JEE Main","image":"https://i.ytimg.com/vi/02sqUVHboj8/mqdefault.jpg","embedCode":"https://www.youtube.com/embed/02sqUVHboj8","description":"💥 REGISTER FOR ALL INDIA JEE MAINS MOCK CUM SCHOLARSHIP TEST 👉 https://bit.ly/AIMExamJee    To download Lecture Notes, Practice Sheet & Practice Sheet Video Solution, Visit MANZIL Batch in Batch Sec","duration":"2:39:10","_id":"60eeb2a4f93f9a0011ab5b8e","createdAt":"2021-07-14T09:47:16.523Z"},"dRoomId":"","isBatchDoubtEnabled":false},{"_id":"60eeb478c5428e0018b03319","restrictedSchedule":false,"restrictedTime":0,"urlType":"youtube","tags":[{"_id":"60e69912cafdba001269537f","name":"Manzil Sprint"}],"isFree":false,"isChatEnabled":false,"isCommentDisabled":false,"status":"PENDING","topic":"Inverse Trigonometric Function In One Shot","date":"2021-07-10T18:29:59.000Z","startTime":"2021-07-10T04:30:59.000Z","endTime":"2021-07-10T04:30:59.000Z","url":"https://www.youtube.com/watch?v=E-eGFJqGusQ","timeline":[],"isDPPVideos":false,"isDoubtEnabled":false,"isPathshala":false,"videoDetails":{"name":"INVERSE TRIGONOMETRIC FUNCTIONS in One Shot - Full Chapter Revision | Class 12 | JEE Main","image":"https://i.ytimg.com/vi/E-eGFJqGusQ/mqdefault.jpg","embedCode":"https://www.youtube.com/embed/E-eGFJqGusQ?list=PLxyGaR3hEy3hMp_J9qFG7KYLFOmhkp4-C","description":"▶ To download Lecture Notes, Practice Sheet & Practice Sheet Video Solution, Visit MANZIL Batch in Batch Section of PhysicsWallah App/Website. 📲PW App Link - https://bit.ly/YTAI_Jee 🌐PW Website - ht","duration":"1:23:01","_id":"628dbc11593dd2001870d8a9","createdAt":"2022-05-25T05:18:09.767Z"},"dRoomId":"","isBatchDoubtEnabled":false},{"_id":"60e81a86fb596c001195dc2e","restrictedSchedule":false,"restrictedTime":0,"urlType":"youtube","tags":[{"_id":"60e69912cafdba001269537f","name":"Manzil Sprint"}],"isFree":false,"isChatEnabled":false,"isCommentDisabled":false,"status":"PENDING","topic":"Solution of Triangles in One Shot","date":"2021-07-09T18:29:59.000Z","startTime":"2021-07-09T09:30:59.000Z","endTime":"2021-07-09T09:30:59.000Z","timeline":[],"url":"https://www.youtube.com/embed/9QilkQufD5I","isDPPVideos":false,"isDoubtEnabled":false,"isPathshala":false,"videoDetails":{"name":"SOLUTION OF TRIANGLES in One Shot - Full Chapter Revision | Class 11 | JEE Main","image":"https://i.ytimg.com/vi/9QilkQufD5I/mqdefault.jpg","embedCode":"https://www.youtube.com/embed/9QilkQufD5I","description":"To download Lecture Notes, Practice Sheet & Practice Sheet Video Solution, Visit MANZIL Batch in Batch Section of PW App(http://bit.ly/3ru9Agh).  📝 Note: This Batch is Completely FREE, You just have ","duration":"1:34:25","_id":"60eae2f4545c6d00184be2c3","createdAt":"2021-07-11T12:24:20.024Z"},"dRoomId":"","isBatchDoubtEnabled":false},{"_id":"60e70a66fc77de00116115f9","restrictedSchedule":false,"restrictedTime":0,"urlType":"youtube","tags":[{"_id":"60e69912cafdba001269537f","name":"Manzil Sprint"}],"isFree":false,"isChatEnabled":false,"isCommentDisabled":false,"status":"PENDING","topic":"TRIGONOMETRY (Part 1)","date":"2021-07-08T18:29:59.000Z","startTime":"2021-07-08T13:30:59.000Z","endTime":"2021-07-08T13:30:59.000Z","timeline":[],"url":"https://www.youtube.com/embed/mlfwB9RAG98","isDPPVideos":false,"isDoubtEnabled":false,"isPathshala":false,"videoDetails":{"name":"TRIGONOMETRY in One Shot - Full Chapter Revision | Class 11 | JEE Main","image":"https://i.ytimg.com/vi/mlfwB9RAG98/mqdefault.jpg","embedCode":"https://www.youtube.com/embed/mlfwB9RAG98","description":"To download Lecture Notes, Practice Sheet & Practice Sheet Video Solution, Visit MANZIL Batch in Batch Section of PW App(http://bit.ly/3ru9Agh).  📝 Note: This Batch is Completely FREE, You just have ","duration":"1:34:10","_id":"60eae2ae8a6c44001860f039","createdAt":"2021-07-11T12:23:10.963Z"},"dRoomId":"","isBatchDoubtEnabled":false},{"_id":"60ad1533695c02001132e7ac","restrictedSchedule":false,"restrictedTime":0,"urlType":"youtube","tags":[{"_id":"60e69912cafdba001269537f","name":"Manzil Sprint"}],"isFree":false,"isChatEnabled":false,"status":"PENDING","date":"2021-07-08T00:00:01.000Z","startTime":"2021-07-08T08:00:01.000Z","endTime":"2021-07-08T08:00:01.000Z","timeline":[],"isCommentDisabled":false,"topic":"Conic Section - Ellipse and Hyperbola in One Shot","url":"https://www.youtube.com/embed/h0JCckU4igg","isDPPVideos":false,"isDoubtEnabled":false,"isPathshala":false,"videoDetails":{"name":"ELLIPSE & HYPERBOLA in One Shot - Full Chapter Revision | Class 11 | JEE Main","image":"https://i.ytimg.com/vi/h0JCckU4igg/mqdefault.jpg","embedCode":"https://www.youtube.com/embed/h0JCckU4igg","description":"To download Lecture Notes, Practice Sheet & Practice Sheet Video Solution, Visit MANZIL Batch in Batch Section of PW App(http://bit.ly/3ru9Agh).  📝 Note: This Batch is Completely FREE, You just have ","duration":"1:50:50","_id":"60eae27a5666b70018a7ebba","createdAt":"2021-07-11T12:22:18.762Z"},"dRoomId":"","isBatchDoubtEnabled":false},{"_id":"60ad1533695c02001132e79e","restrictedSchedule":false,"restrictedTime":0,"urlType":"youtube","tags":[{"_id":"60e69912cafdba001269537f","name":"Manzil Sprint"}],"isFree":false,"isChatEnabled":false,"status":"PENDING","date":"2021-07-07T00:00:01.000Z","startTime":"2021-07-07T11:30:01.000Z","endTime":"2021-07-07T12:30:01.000Z","timeline":[],"isCommentDisabled":false,"topic":"Conic Section - Parabola in One Shot || Manzil Sprint","url":"https://www.youtube.com/embed/OKfhCdgizFM","isDPPVideos":false,"isDoubtEnabled":false,"isPathshala":false,"videoDetails":{"name":"MANZIL Sprint : PARABOLA in One Shot - Class 11 | JEE Main","image":"https://i.ytimg.com/vi/OKfhCdgizFM/mqdefault.jpg","embedCode":"https://www.youtube.com/embed/OKfhCdgizFM?list=PLxyGaR3hEy3hMp_J9qFG7KYLFOmhkp4-C","description":"▶ To download Lecture Notes, Practice Sheet & Practice Sheet Video Solution, Visit MANZIL Batch in Batch Section of PhysicsWallah App/Website. 📲PW App Link - https://bit.ly/YTAI_Jee 🌐PW Website - ht","duration":"2:19:46","publishedAt":"2021-07-07T13:08:48Z","_id":"6437b50b21469700181fea5b","createdAt":"2023-04-13T07:53:47.002Z"},"dRoomId":"","isBatchDoubtEnabled":false}]}