{"data":[{"_id":"60ad14e805e03400186e2d7f","isFree":false,"status":"PENDING","date":"2021-08-09T00:00:01.000Z","startTime":"2021-08-09T12:30:01.000Z","isDPPNotes":false,"homeworkIds":[{"_id":"611137eb65715f00c362145d","actions":["Open","Download","Print"],"topic":"Fluids : Practice Sheet Solution","note":"Classnotes","attachmentIds":[{"_id":"611137ddf05a4c028223afe1","name":"2_Fluid.pdf","baseUrl":"https://d2bps9p1kiy4ka.cloudfront.net/","key":"5eb393ee95fab7468a79d189/1d475cab-2d65-4b5a-8789-bb233213c489.pdf"}],"batchSubjectId":"60ad14e805e03400186e2cc9"}],"dRoomId":"","isBatchDoubtEnabled":false},{"_id":"610d6c6f08b163001120a345","isFree":false,"status":"PENDING","date":"2021-08-06T18:29:59.000Z","startTime":"2021-08-06T16:30:59.000Z","isDPPNotes":false,"homeworkIds":[{"_id":"610d6bd00720140011750fe1","actions":["Open","Download","Print"],"topic":"Fluids : Practice Sheet","note":"DPP","attachmentIds":[{"_id":"610d6bc9545708001166c454","name":"5_Fluid.pdf","baseUrl":"https://d2bps9p1kiy4ka.cloudfront.net/","key":"5eb393ee95fab7468a79d189/ff25d2c9-477a-4f8a-b65a-c4f2b735d20c.pdf"}],"batchSubjectId":"60ad14e805e03400186e2cc9"},{"_id":"610d6b9169596f008a2e0481","actions":["Open","Download","Print"],"topic":"Fluids : Lect Notes","note":"Classnotes","attachmentIds":[{"_id":"610d6b89e321e1001150b45b","name":"Fluids In One Shot (Vinaykant Sir) Manzil_compressed.pdf","baseUrl":"https://d2bps9p1kiy4ka.cloudfront.net/","key":"5eb393ee95fab7468a79d189/7cdcaed7-49f1-4420-80a6-aae8ba943735.pdf"}],"batchSubjectId":"60ad14e805e03400186e2cc9"}],"dRoomId":"","isBatchDoubtEnabled":false}]}