{"data":[{"_id":"60ad14e805e03400186e2d7f","restrictedSchedule":false,"restrictedTime":0,"urlType":"youtube","tags":[{"_id":"610d6cd9b10fee008a5e7ac0","name":"Fluids"}],"isFree":false,"isChatEnabled":false,"status":"PENDING","date":"2021-08-09T00:00:01.000Z","startTime":"2021-08-09T12:30:01.000Z","endTime":"2021-08-09T13:30:01.000Z","timeline":[],"isCommentDisabled":false,"topic":"Fluids : Solution to Practice Sheet","url":"https://www.youtube.com/embed/uGLNRxLi30k","isDPPVideos":false,"isDoubtEnabled":false,"isPathshala":false,"videoDetails":{"name":"Fluids : Solution to Practice Sheet","image":"https://i.ytimg.com/vi/uGLNRxLi30k/mqdefault.jpg","embedCode":"https://www.youtube.com/embed/uGLNRxLi30k","description":"","duration":"1:37:43","_id":"6111381828d6a7001184e104","createdAt":"2021-08-09T14:13:44.398Z"},"dRoomId":"","isBatchDoubtEnabled":false},{"_id":"610d6c6f08b163001120a345","restrictedSchedule":false,"restrictedTime":0,"urlType":"youtube","tags":[{"_id":"610d6cd9b10fee008a5e7ac0","name":"Fluids"}],"isFree":false,"isChatEnabled":false,"isCommentDisabled":false,"status":"PENDING","topic":"Fluids in One Shot","date":"2021-08-06T18:29:59.000Z","startTime":"2021-08-06T16:30:59.000Z","endTime":"2021-08-06T16:30:59.000Z","timeline":[],"url":"https://www.youtube.com/embed/mv7lQLWUCjE","isDPPVideos":false,"isDoubtEnabled":false,"isPathshala":false,"videoDetails":{"name":"FLUIDS in One Shot - All Concepts, Tricks & PYQs Covered | Class 11 | JEE Main & Advanced","image":"https://i.ytimg.com/vi/mv7lQLWUCjE/mqdefault.jpg","embedCode":"https://www.youtube.com/embed/mv7lQLWUCjE","description":"📑 TOPICS COVERED IN THIS LECTURE - Introduction to fluid mechanics Pressure Streamline flow Bernoulli’s principle Viscosity Reynolds number Surface tension   • To download Lecture Notes, Practice She","duration":"5:58:26","_id":"6110b35d44a8d600cfd7d8b3","createdAt":"2021-08-09T04:47:25.948Z"},"dRoomId":"","isBatchDoubtEnabled":false}]}