{"data":[{"_id":"60ad14e805e03400186e2dae","isFree":false,"status":"PENDING","date":"2021-07-02T00:00:01.000Z","startTime":"2021-07-02T08:00:01.000Z","isDPPNotes":false,"homeworkIds":[{"_id":"60dedab4048fd2001134c627","actions":["Open","Download","Print"],"topic":"Rotational Motion : Practice Sheet Solution (Part 2)","note":"Classnotes","attachmentIds":[{"_id":"60dedaa502ca400018ba05a6","name":"rotation motion dpp solution 02_compressed.pdf","baseUrl":"https://d1qs8w2pzjtoy9.cloudfront.net/","key":"5eb393ee95fab7468a79d189/9d01d76e-ac4d-4bf0-811a-8bad8b8e8cbf.pdf"}],"batchSubjectId":"60ad14e805e03400186e2cc9"}],"dRoomId":"","isBatchDoubtEnabled":false},{"_id":"60ad14e805e03400186e2d86","isFree":false,"status":"PENDING","date":"2021-06-29T00:00:01.000Z","startTime":"2021-06-29T12:30:01.000Z","isDPPNotes":false,"homeworkIds":[{"_id":"60db6a47bd0b7f00113b4fcd","actions":["Open","Download","Print"],"topic":"Rotational Motion: Part 02 lect notes","note":"NOTES","attachmentIds":[{"_id":"60db6a37a7871b00124c55b7","name":"Rotational Motion One shot (Manish raj sir) Manzil.pdf","baseUrl":"https://d1qs8w2pzjtoy9.cloudfront.net/","key":"5eb393ee95fab7468a79d189/95e06f17-fea5-400f-9725-a7569bc8b301.pdf"}],"batchSubjectId":"60ad14e805e03400186e2cc9"},{"_id":"60db1ae2035088001c1c325e","actions":["Open","Download","Print"],"topic":"Rotational Motion : Practice Sheet (Part 2)","note":"Classnotes","attachmentIds":[{"_id":"60db1e5da3c2d70018ccd26e","name":"Rotatinal Motion_Practice Sheet-02_MANZIL BATCH (1).pdf","baseUrl":"https://d1qs8w2pzjtoy9.cloudfront.net/","key":"5eb393ee95fab7468a79d189/a833de24-3d65-4a30-84b1-c18c8df62d83.pdf"}],"batchSubjectId":"60ad14e805e03400186e2cc9"}],"dRoomId":"","isBatchDoubtEnabled":false},{"_id":"60d889d9a518980011bd35e8","isFree":false,"status":"PENDING","date":"2021-06-27T18:29:59.000Z","startTime":"2021-06-27T13:30:59.000Z","isDPPNotes":false,"homeworkIds":[{"_id":"60d888f56695b200114c4f70","actions":["Open","Download","Print"],"topic":"Rotational Motion : Practice Sheet Solution (Part 1)","note":"Classnotes","attachmentIds":[{"_id":"60d888aa8da92900110c9239","name":"Rotational Motion_Practice Sheet-01_PPT_Manzil Batch_(Physics) (1).pdf","baseUrl":"https://d1qs8w2pzjtoy9.cloudfront.net/","key":"5eb393ee95fab7468a79d189/c94f69cf-e4d9-4422-b5e9-c71697a4cf05.pdf"}],"batchSubjectId":"60ad14e805e03400186e2cc9"}],"dRoomId":"","isBatchDoubtEnabled":false},{"_id":"60d5f0eb008fb3113c7ce7c7","isFree":false,"status":"PENDING","date":"2021-06-25T18:29:59.000Z","startTime":"2021-06-25T14:30:59.000Z","isDPPNotes":false,"homeworkIds":[{"_id":"60d63956626bdf23025d5fba","actions":["Open","Download","Print"],"topic":"Rotational Motion: Part 01 lect notes","note":"NOTES","attachmentIds":[{"_id":"60d63953eba82a53c60a605e","name":"rotational motion 1.pdf","baseUrl":"https://d1qs8w2pzjtoy9.cloudfront.net/","key":"5eb393ee95fab7468a79d189/3f823e32-ee2c-49d6-9b9d-873e6b244ecd.pdf"}],"batchSubjectId":"60ad14e805e03400186e2cc9"},{"_id":"60d5ef6c133acf7c7507903e","actions":["Open","Download","Print"],"topic":"Rotational Motion: Practice Sheet","note":"Notes","attachmentIds":[{"_id":"60d5eedc6c3b9a0011a0437e","name":"Rotatinal Motion_DPP-01_MANZIL BATCH.pdf","baseUrl":"https://d1qs8w2pzjtoy9.cloudfront.net/","key":"5eb393ee95fab7468a79d189/9c96dcc9-5f72-485b-901f-51ca4ab68275.pdf"}],"batchSubjectId":"60ad14e805e03400186e2cc9"}],"dRoomId":"","isBatchDoubtEnabled":false}]}