{"data":[{"_id":"60ad14e805e03400186e2dae","restrictedSchedule":false,"restrictedTime":0,"urlType":"youtube","tags":[{"_id":"60d639734bab75001116546b","name":"Rotational Motion"}],"isFree":false,"isChatEnabled":false,"status":"PENDING","date":"2021-07-02T00:00:01.000Z","startTime":"2021-07-02T08:00:01.000Z","endTime":"2021-07-02T09:00:01.000Z","timeline":[],"isCommentDisabled":false,"topic":"Rotational Motion : Practice Sheet Solution (Part  2)","url":"https://www.youtube.com/embed/zXN5-4MK1VU","isDPPVideos":false,"isDoubtEnabled":false,"isPathshala":false,"videoDetails":{"name":"Rotational Motion : Solution to Practice Sheet (Part 2)","image":"https://i.ytimg.com/vi/zXN5-4MK1VU/mqdefault.jpg","embedCode":"https://www.youtube.com/embed/zXN5-4MK1VU","description":"","duration":"2:08:07","_id":"60dee12fa44f77001896501e","createdAt":"2021-07-02T09:49:35.664Z"},"dRoomId":"","isBatchDoubtEnabled":false},{"_id":"60ad14e805e03400186e2d86","restrictedSchedule":false,"restrictedTime":0,"urlType":"youtube","tags":[{"_id":"60d639734bab75001116546b","name":"Rotational Motion"}],"isFree":false,"isChatEnabled":false,"status":"PENDING","date":"2021-06-29T00:00:01.000Z","startTime":"2021-06-29T12:30:01.000Z","endTime":"2021-06-29T13:30:01.000Z","timeline":[],"isCommentDisabled":false,"topic":"Rotational Motion Part 2","url":"https://www.youtube.com/embed/rrUJ8e0Xfh0","isDPPVideos":false,"isDoubtEnabled":false,"isPathshala":false,"videoDetails":{"name":"ROTATIONAL MOTION in One Shot (Part 2) - All Concepts, Tricks & PYQs | Class 11 | JEE Main & Advance","image":"https://i.ytimg.com/vi/rrUJ8e0Xfh0/mqdefault.jpg","embedCode":"https://www.youtube.com/embed/rrUJ8e0Xfh0","description":"To download Lecture Notes, Practice Sheet & Practice Sheet Video Solution, Visit MANZIL Batch in Batch Section of PW App(http://bit.ly/3ru9Agh).  📝 Note: This Batch is Completely FREE, You just have ","duration":"6:03:45","_id":"60dd629a10799d0011bf310a","createdAt":"2021-07-01T06:37:14.447Z"},"dRoomId":"","isBatchDoubtEnabled":false},{"_id":"60d889d9a518980011bd35e8","restrictedSchedule":false,"restrictedTime":0,"urlType":"youtube","tags":[{"_id":"60d639734bab75001116546b","name":"Rotational Motion"}],"isFree":false,"isChatEnabled":false,"isCommentDisabled":false,"status":"PENDING","topic":"Rotational Motion : Solution to Practice Sheet (Part 01)","date":"2021-06-27T18:29:59.000Z","startTime":"2021-06-27T13:30:59.000Z","endTime":"2021-06-27T14:30:59.000Z","url":"https://www.youtube.com/embed/Jpm0HttXFeY","timeline":[],"isDPPVideos":false,"isDoubtEnabled":false,"isPathshala":false,"videoDetails":{"name":"Rotation Motion : Solution to Practice Sheet","image":"https://i.ytimg.com/vi/Jpm0HttXFeY/mqdefault.jpg","embedCode":"https://www.youtube.com/embed/Jpm0HttXFeY","description":"","duration":"1:32:12","_id":"60d88d93f502a40011b6cf07","createdAt":"2021-06-27T14:39:15.888Z"},"dRoomId":"","isBatchDoubtEnabled":false},{"_id":"60d5f0eb008fb3113c7ce7c7","restrictedSchedule":false,"restrictedTime":0,"urlType":"youtube","tags":[{"_id":"60d639734bab75001116546b","name":"Rotational Motion"}],"isFree":false,"isChatEnabled":false,"isCommentDisabled":false,"status":"PENDING","topic":"Rotational Motion:One Shot(Part 01)","date":"2021-06-25T18:29:59.000Z","startTime":"2021-06-25T14:30:59.000Z","endTime":"2021-06-25T14:30:59.000Z","timeline":[],"url":"https://www.youtube.com/embed/N5B5y4b0myI","isDPPVideos":false,"isDoubtEnabled":false,"isPathshala":false,"videoDetails":{"name":"ROTATIONAL MOTION in 1 Shot (Part 1) - All Concepts, Tricks & PYQs | Class 11 | JEE Main & Advanced","image":"https://i.ytimg.com/vi/N5B5y4b0myI/mqdefault.jpg","embedCode":"https://www.youtube.com/embed/N5B5y4b0myI","description":"▶To download Lecture Notes, Practice Sheet & Practice Sheet Video Solution, Visit MANZIL Batch in Batch Section of PW App(http://bit.ly/3ru9Agh).  📝 Note: This Batch is Completely FREE, You just have","duration":"7:21:30","_id":"60d882b71161ec001f07e7c5","createdAt":"2021-06-27T13:52:55.741Z"},"dRoomId":"","isBatchDoubtEnabled":false}]}