{"data":[{"_id":"60cc4a7dd6b3a00011d1546c","isFree":false,"status":"PENDING","date":"2021-06-18T18:29:59.000Z","startTime":"2021-06-18T06:30:59.000Z","isDPPNotes":false,"homeworkIds":[{"_id":"60cc44ddb711ea001164988c","actions":["Open","Download","Print"],"topic":"Periodic Table : Practice Sheet Solution","note":"Classnotes","attachmentIds":[{"_id":"60cc44da3ff6a7001f4be1fa","name":"periodic tabke.pdf","baseUrl":"https://d1qs8w2pzjtoy9.cloudfront.net/","key":"5eb393ee95fab7468a79d189/1806d143-be55-4ca3-84eb-2470132e7abf.pdf"}],"batchSubjectId":"60ad14e805e03400186e2cd0"}],"dRoomId":"","isBatchDoubtEnabled":false},{"_id":"60ad14e805e03400186e2ce8","isFree":false,"status":"PENDING","date":"2021-06-15T00:00:01.000Z","startTime":"2021-06-15T22:30:01.000Z","isDPPNotes":false,"homeworkIds":[{"_id":"60c80ac9eb19b9001101e91c","actions":["Open","Download","Print"],"topic":"Periodic Table : Lect Notes","note":"Notes","attachmentIds":[{"_id":"60c80abb9fdd8300115add5b","name":"Periodic Classification one shot (Harsh sir) Manzil.pdf","baseUrl":"https://d1qs8w2pzjtoy9.cloudfront.net/","key":"5eb393ee95fab7468a79d189/0ccc8697-aeae-470e-94bc-9c6eb5c23b15.pdf"}],"batchSubjectId":"60ad14e805e03400186e2cd0"},{"_id":"60c77af01ac9830011bcc288","actions":["Open","Download","Print"],"topic":"Periodic Table : Practice Sheet","note":"DPP","attachmentIds":[{"_id":"60c77aed81dacf001140b0da","name":"Periodic Table_Manzil Batch_DPP.pdf","baseUrl":"https://d1qs8w2pzjtoy9.cloudfront.net/","key":"5eb393ee95fab7468a79d189/c6ba0024-436a-48cf-8975-894c2b2edc0b.pdf"}],"batchSubjectId":"60ad14e805e03400186e2cd0"}],"dRoomId":"","isBatchDoubtEnabled":false}]}