{"data":[{"_id":"60cc4a7dd6b3a00011d1546c","restrictedSchedule":false,"restrictedTime":0,"urlType":"youtube","tags":[{"_id":"60c79f5ab1799d001146933a","name":"Periodic Table"}],"isFree":false,"isChatEnabled":false,"isCommentDisabled":false,"status":"PENDING","topic":"Periodic Table : Solution to Practice Sheet","date":"2021-06-18T18:29:59.000Z","startTime":"2021-06-18T06:30:59.000Z","endTime":"2021-06-18T07:30:59.000Z","url":"https://www.youtube.com/embed/MNbMAz6M8Po","timeline":[],"isDPPVideos":false,"isDoubtEnabled":false,"isPathshala":false,"videoDetails":{"name":"Periodic Table : Solution to Practice Sheet","image":"https://i.ytimg.com/vi/MNbMAz6M8Po/mqdefault.jpg","embedCode":"https://www.youtube.com/embed/MNbMAz6M8Po","description":"","duration":"1:29:47","_id":"60cc4a93f9f71c0011021805","createdAt":"2021-06-18T07:26:11.405Z"},"dRoomId":"","isBatchDoubtEnabled":false},{"_id":"60ad14e805e03400186e2ce8","restrictedSchedule":false,"restrictedTime":0,"urlType":"youtube","tags":[{"_id":"60c79f5ab1799d001146933a","name":"Periodic Table"}],"isFree":false,"isChatEnabled":false,"status":"PENDING","date":"2021-06-15T00:00:01.000Z","startTime":"2021-06-15T22:30:01.000Z","endTime":"2021-06-15T22:30:01.000Z","timeline":[],"isCommentDisabled":false,"topic":"Periodic Table","url":"https://www.youtube.com/embed/RojL6Vlg1J0","isDPPVideos":false,"isDoubtEnabled":false,"isPathshala":false,"videoDetails":{"name":"Periodic Table in 1 Shot - From Basics to Advanced | Class 11 | JEE Main & Advanced","image":"https://i.ytimg.com/vi/RojL6Vlg1J0/mqdefault.jpg","embedCode":"https://www.youtube.com/embed/RojL6Vlg1J0","description":"TIMESTAMP ⌚  0:00 Introduction 2:18 Lavoisier Classification 8:37 Dobereiner Law  14:06 Newland Law 17:25 Lother Meyer 22:46 Mendeleev Periodic Table 50:53 Mordern Periodic Table 54:00 Elements Locati","duration":"10:06:08","_id":"60cdc7ceb85c290011b1c0bf","createdAt":"2021-06-19T10:32:46.962Z"},"dRoomId":"","isBatchDoubtEnabled":false}]}