{"data":[{"_id":"60ad14e805e03400186e2dad","isFree":false,"status":"PENDING","date":"2021-06-25T00:00:01.000Z","startTime":"2021-06-25T04:30:01.000Z","isDPPNotes":false,"homeworkIds":[{"_id":"60d56c8c0f9d78001f4250ef","actions":["Open","Download","Print"],"topic":"Centre of Mass : Practice Sheet Solution","note":"Classnotes","attachmentIds":[{"_id":"60d56c884eaf19001f333b10","name":"MANZIL_COM_compressed.pdf","baseUrl":"https://d1qs8w2pzjtoy9.cloudfront.net/","key":"5eb393ee95fab7468a79d189/94199c16-d829-4695-a166-cbf769ffbef3.pdf"}],"batchSubjectId":"60ad14e805e03400186e2cc9"}],"dRoomId":"","isBatchDoubtEnabled":false},{"_id":"60ad14e805e03400186e2d92","isFree":false,"status":"PENDING","date":"2021-06-23T00:00:01.000Z","startTime":"2021-06-23T04:30:01.000Z","isDPPNotes":false,"homeworkIds":[{"_id":"60d2ee3e8c11030011669870","actions":["Open","Download","Print"],"topic":"Center of Mass: Lect notes(02)","note":"NOTES","attachmentIds":[{"_id":"60d2ee38c29a6d001ff52ebb","name":"MANZIL_CENTER_OF_MASS (Yug sir) (1).pdf","baseUrl":"https://d1qs8w2pzjtoy9.cloudfront.net/","key":"5eb393ee95fab7468a79d189/1629928c-b668-49e2-b93d-f9af180e91fa.pdf"}],"batchSubjectId":"60ad14e805e03400186e2cc9"},{"_id":"60d2ede7b71e940012504b9f","actions":["Open","Download","Print"],"topic":"Centre of Mass: Practice Sheet","note":"DPP","attachmentIds":[{"_id":"60d2ede5da6550001fe9150e","name":"Centre of Mass_Manzil_DPP_(Physics) (1) (1).pdf","baseUrl":"https://d1qs8w2pzjtoy9.cloudfront.net/","key":"5eb393ee95fab7468a79d189/7a1af3f4-08a2-4717-a488-f66306004633.pdf"}],"batchSubjectId":"60ad14e805e03400186e2cc9"},{"_id":"60d2ebb68213c7001f9d898c","actions":["Open","Download","Print"],"topic":"Centre of Mass : Lect Notes(01)","note":"Classnotes","attachmentIds":[{"_id":"60d2ebb4d5618c001100ae3a","name":"Center of mass (Yug sir) Manzil-compressed_compressed-compressed.pdf","baseUrl":"https://d1qs8w2pzjtoy9.cloudfront.net/","key":"5eb393ee95fab7468a79d189/68f2f6c2-a908-4ea5-899e-4d8766260733.pdf"}],"batchSubjectId":"60ad14e805e03400186e2cc9"}],"dRoomId":"","isBatchDoubtEnabled":false}]}