{"data":[{"_id":"60ad14e805e03400186e2dad","restrictedSchedule":false,"restrictedTime":0,"urlType":"youtube","tags":[{"_id":"60d2ee8c9107ec001173d360","name":"Center of Mass"}],"isFree":false,"isChatEnabled":false,"status":"PENDING","date":"2021-06-25T00:00:01.000Z","startTime":"2021-06-25T04:30:01.000Z","endTime":"2021-06-25T05:30:01.000Z","timeline":[],"isCommentDisabled":false,"topic":"Centre of Mass : Solution to Practice Sheet","url":"https://www.youtube.com/embed/kEslFD7kfoE","isDPPVideos":false,"isDoubtEnabled":false,"isPathshala":false,"videoDetails":{"name":"COM : Solution to Practice Sheet","image":"https://i.ytimg.com/vi/kEslFD7kfoE/mqdefault.jpg","embedCode":"https://www.youtube.com/embed/kEslFD7kfoE","description":"","duration":"3:56:17","_id":"60d56d125db3e0001f86f3ff","createdAt":"2021-06-25T05:43:46.976Z"},"dRoomId":"","isBatchDoubtEnabled":false},{"_id":"60ad14e805e03400186e2d92","restrictedSchedule":false,"restrictedTime":0,"urlType":"youtube","tags":[{"_id":"60d2ee8c9107ec001173d360","name":"Center of Mass"}],"isFree":false,"isChatEnabled":false,"status":"PENDING","date":"2021-06-23T00:00:01.000Z","startTime":"2021-06-23T04:30:01.000Z","endTime":"2021-06-23T04:30:01.000Z","timeline":[],"isCommentDisabled":false,"topic":"Center of Mass in One Shot","url":"https://www.youtube.com/embed/xk2MaMMQeKs","isDPPVideos":false,"isDoubtEnabled":false,"isPathshala":false,"videoDetails":{"name":"CENTER OF MASS in 1 Shot - All Concepts, Tricks & PYQs | Class 11 | JEE Main & Advanced","image":"https://i.ytimg.com/vi/xk2MaMMQeKs/mqdefault.jpg","embedCode":"https://www.youtube.com/embed/xk2MaMMQeKs","description":"To download Lecture Notes, Practice Sheet & Practice Sheet Video Solution, Visit MANZIL Batch in Batch Section of PW App(http://bit.ly/3ru9Agh).  📝 Note: This Batch is Completely FREE, You just have ","duration":"10:04:47","_id":"60d4189859e64d001112d7c0","createdAt":"2021-06-24T05:31:04.423Z"},"dRoomId":"","isBatchDoubtEnabled":false}]}