{"data":[{"_id":"6128c25049ebcc0011de04d0","isFree":false,"status":"PENDING","date":"2021-08-27T18:29:59.000Z","startTime":"2021-08-27T04:30:59.000Z","isDPPNotes":false,"homeworkIds":[{"_id":"6128bd5d951cad0018cbf33e","actions":["Open","Download","Print"],"topic":"JEE MAIN (26th Aug Shift 1)","note":"Classnotes","attachmentIds":[{"_id":"6128bd54d2c16900184c2150","name":"Paper Discussions 26th  JEE Main 2021 (1)_compressed.pdf","baseUrl":"https://d2bps9p1kiy4ka.cloudfront.net/","key":"5eb393ee95fab7468a79d189/e83716a9-b59f-4826-9249-ecfd0521ae9b.pdf"}],"batchSubjectId":"60ad14e805e03400186e2cd0"}],"dRoomId":"","isBatchDoubtEnabled":false},{"_id":"61029042f1505d00113094c0","isFree":false,"status":"PENDING","date":"2021-07-28T18:29:59.000Z","startTime":"2021-07-28T08:30:59.000Z","isDPPNotes":false,"homeworkIds":[{"_id":"61028fceb9346700120d9fce","actions":["Open","Download","Print"],"topic":"Chemistry - JEE MAIN (27th July Shift 2)","note":"Classnotes","attachmentIds":[{"_id":"61028fcbbc522f001172e009","name":"27 july shift 2 JEE_compressed.pdf","baseUrl":"https://d2bps9p1kiy4ka.cloudfront.net/","key":"5eb393ee95fab7468a79d189/606614ac-52a5-49e9-9d4a-c9fcb0c38ea4.pdf"}],"batchSubjectId":"60ad14e805e03400186e2cd0"}],"dRoomId":"","isBatchDoubtEnabled":false},{"_id":"60ad14e805e03400186e2cee","isFree":false,"status":"PENDING","date":"2021-07-27T00:00:01.000Z","startTime":"2021-07-27T17:30:01.000Z","isDPPNotes":false,"homeworkIds":[{"_id":"6100506868a74e01cb61a484","actions":["Open","Download","Print"],"topic":"Chemistry - JEE MAIN (27th July Shift 1)","note":"Classnotes","attachmentIds":[{"_id":"610050637a0e9300425785c1","name":"Morning shift 1_organized_compressed.pdf","baseUrl":"https://d2bps9p1kiy4ka.cloudfront.net/","key":"5eb393ee95fab7468a79d189/4292d49c-ed6c-49b3-8082-51e8c62d9bdc.pdf"}],"batchSubjectId":"60ad14e805e03400186e2cd0"}],"dRoomId":"","isBatchDoubtEnabled":false},{"_id":"60ad14e805e03400186e2ce1","isFree":false,"status":"PENDING","date":"2021-07-26T00:00:01.000Z","startTime":"2021-07-26T08:30:01.000Z","isDPPNotes":false,"homeworkIds":[{"_id":"60fe7f4f6a1bd10013808fc5","actions":["Open","Download","Print"],"topic":"Chemistry - JEE MAIN (25th July Shift 2)","note":"Classnotes","attachmentIds":[{"_id":"60fe7f494c407200585c5c95","name":"Shift 2 Paper Solutions (Rajwant Sir, Suraj Sir, Ashima Ma'am) JEE Mains_compressed.pdf","baseUrl":"https://d2bps9p1kiy4ka.cloudfront.net/","key":"5eb393ee95fab7468a79d189/fdb1948d-449d-471e-85fa-70f3ab48f0dd.pdf"}],"batchSubjectId":"60ad14e805e03400186e2cd0"}],"dRoomId":"","isBatchDoubtEnabled":false},{"_id":"60fdcfd77a0e93004255b621","isFree":false,"status":"PENDING","date":"2021-07-25T18:29:59.000Z","startTime":"2021-07-25T16:30:59.000Z","isDPPNotes":false,"homeworkIds":[{"_id":"60fdcec6afadc500185e4fb7","actions":["Open","Download","Print"],"topic":"Chemistry - JEE MAIN (25th July Shift 1)","note":"Classnotes","attachmentIds":[{"_id":"60fdcec277f77a00186ed113","name":"20210725235824731 (1)_compressed.pdf","baseUrl":"https://d2bps9p1kiy4ka.cloudfront.net/","key":"5eb393ee95fab7468a79d189/e129f961-9528-4b57-977b-8a810a5accbe.pdf"}],"batchSubjectId":"60ad14e805e03400186e2cd0"}],"dRoomId":"","isBatchDoubtEnabled":false},{"_id":"60ad14e805e03400186e2d15","isFree":false,"status":"PENDING","date":"2021-07-23T00:00:01.000Z","startTime":"2021-07-23T05:30:01.000Z","isDPPNotes":false,"homeworkIds":[{"_id":"60fb12896f2a1c00110bc097","actions":["Open","Download","Print"],"topic":"Chemistry - JEE MAIN (22th July Shift 2)","note":"Classnotes","attachmentIds":[{"_id":"60fb12831f0a09001853fd6c","name":"JEE MAINS 2021_compressed.pdf","baseUrl":"https://d1qs8w2pzjtoy9.cloudfront.net/","key":"5eb393ee95fab7468a79d189/b6cfc67e-0a7f-44fa-8813-1d199c148b42.pdf"}],"batchSubjectId":"60ad14e805e03400186e2cd0"}],"dRoomId":"","isBatchDoubtEnabled":false},{"_id":"60fdcf3b81d2ac0012ee8dbe","isFree":false,"status":"PENDING","date":"2021-07-22T18:29:59.000Z","startTime":"2021-07-22T16:30:59.000Z","isDPPNotes":false,"homeworkIds":[{"_id":"60fdcf1ca6a96d007ea59ccb","actions":["Open","Download","Print"],"topic":"Chemistry - JEE MAIN (20th July Shift 1)","note":"Classnotes","attachmentIds":[{"_id":"60fdcf18311a1b005240f50f","name":"JEE Mains Question Paper Discussion (Harsh Sir) SHIFT 1 (1).pdf","baseUrl":"https://d2bps9p1kiy4ka.cloudfront.net/","key":"5eb393ee95fab7468a79d189/97fb6fee-8202-4a79-8505-194221e720cf.pdf"}],"batchSubjectId":"60ad14e805e03400186e2cd0"}],"dRoomId":"","isBatchDoubtEnabled":false},{"_id":"60ad14e805e03400186e2d08","isFree":false,"status":"PENDING","date":"2021-07-22T00:00:01.000Z","startTime":"2021-07-22T04:30:01.000Z","isDPPNotes":false,"homeworkIds":[{"_id":"60f96201a47e730018d6250a","actions":["Open","Download","Print"],"topic":"Chemistry - JEE MAIN (20th July Shift 2)","note":"Classnotes","attachmentIds":[{"_id":"60f961a310a51300154538d1","name":"20210721202549650 - Copy.pdf","baseUrl":"https://d1qs8w2pzjtoy9.cloudfront.net/","key":"5eb393ee95fab7468a79d189/214b216b-4406-427e-93d5-b77cb8d57fb4.pdf"}],"batchSubjectId":"60ad14e805e03400186e2cd0"}],"dRoomId":"","isBatchDoubtEnabled":false}]}