{"data":[{"_id":"60ad14e805e03400186e2d80","isFree":false,"status":"PENDING","date":"2021-08-16T00:00:01.000Z","startTime":"2021-08-16T06:30:01.000Z","isDPPNotes":false,"homeworkIds":[{"_id":"611a208bbc7b810011c21399","actions":["Open","Download","Print"],"topic":"Thermal Properties of Matter : Practice Sheet Solution","note":"Classnotes","attachmentIds":[{"_id":"611a2047936e5300189267b1","name":"3_Thermal Properties of Matter (1).pdf","baseUrl":"https://d2bps9p1kiy4ka.cloudfront.net/","key":"5eb393ee95fab7468a79d189/1a53321a-d84d-4385-92d1-7dc3745d1993.pdf"}],"batchSubjectId":"60ad14e805e03400186e2cc9"}],"dRoomId":"","isBatchDoubtEnabled":false},{"_id":"60ad14e805e03400186e2da7","isFree":false,"status":"PENDING","date":"2021-08-12T00:00:01.000Z","startTime":"2021-08-12T16:30:01.000Z","isDPPNotes":false,"homeworkIds":[{"_id":"61155090b332db0018910ce5","actions":["Open","Download","Print"],"topic":"Thermal Properties of Matter : Practice Sheet","note":"DPP","attachmentIds":[{"_id":"6115508ca0b18a0019f1b973","name":"6_Thermal_2nd proof (2).pdf","baseUrl":"https://d2bps9p1kiy4ka.cloudfront.net/","key":"5eb393ee95fab7468a79d189/29cd0734-cd94-4540-b4fc-5d946f23a3cd.pdf"}],"batchSubjectId":"60ad14e805e03400186e2cc9"},{"_id":"61154f56a83be40011409ef7","actions":["Open","Download","Print"],"topic":"Thermal Properties of Matter : Lect Notes","note":"Classnotes","attachmentIds":[{"_id":"61154f4e09e3e000117c4256","name":"Thermal Properties Of Matter  (Vinaykant Bhalla Sir)_compressed.pdf","baseUrl":"https://d2bps9p1kiy4ka.cloudfront.net/","key":"5eb393ee95fab7468a79d189/d2d5fe24-d8cd-4d50-8562-8dd69b80d342.pdf"}],"batchSubjectId":"60ad14e805e03400186e2cc9"}],"dRoomId":"","isBatchDoubtEnabled":false}]}