{"data":[{"_id":"60ad14e805e03400186e2d80","restrictedSchedule":false,"restrictedTime":0,"urlType":"youtube","tags":[{"_id":"61155007d3a62900118e2d89","name":"Thermal Properties of Matter"}],"isFree":false,"isChatEnabled":false,"status":"PENDING","date":"2021-08-16T00:00:01.000Z","startTime":"2021-08-16T06:30:01.000Z","endTime":"2021-08-16T07:30:01.000Z","timeline":[],"isCommentDisabled":false,"topic":"Thermal Properties of Matter : Solution to Practice Sheet","url":"https://www.youtube.com/embed/ng7A6NJmxSA","isDPPVideos":false,"isDoubtEnabled":false,"isPathshala":false,"videoDetails":{"name":"Thermal Properties of Matter : Solution to Practice Sheet","image":"https://i.ytimg.com/vi/ng7A6NJmxSA/mqdefault.jpg","embedCode":"https://www.youtube.com/embed/ng7A6NJmxSA","description":"","duration":"1:22:00","_id":"611a20e27090d40018ee6601","createdAt":"2021-08-16T08:25:06.151Z"},"dRoomId":"","isBatchDoubtEnabled":false},{"_id":"60ad14e805e03400186e2da7","restrictedSchedule":false,"restrictedTime":0,"urlType":"youtube","tags":[{"_id":"61155007d3a62900118e2d89","name":"Thermal Properties of Matter"}],"isFree":false,"isChatEnabled":false,"status":"PENDING","date":"2021-08-12T00:00:01.000Z","startTime":"2021-08-12T16:30:01.000Z","endTime":"2021-08-12T16:30:01.000Z","timeline":[],"isCommentDisabled":false,"topic":"Thermal Properties of Matter","url":"https://www.youtube.com/embed/zyJkmIAda6E","isDPPVideos":false,"isDoubtEnabled":false,"isPathshala":false,"videoDetails":{"name":"THERMAL PROPERTIES OF MATTER in One Shot - All Concepts & PYQs | Class 11 | JEE Main & Advanced","image":"https://i.ytimg.com/vi/zyJkmIAda6E/mqdefault.jpg","embedCode":"https://www.youtube.com/embed/zyJkmIAda6E","description":"▶ To download Lecture Notes, Practice Sheet & Practice Sheet Video Solution, Visit MANZIL Batch in Batch Section of PW App/Website. 📲PW App Link - https://bit.ly/YTAI_Jee 🌐PW Website - https://www.p","duration":"4:30:40","publishedAt":"2021-08-12T15:27:15Z","_id":"64213f6cc75e3300186fc1c3","createdAt":"2023-03-27T07:02:04.674Z"},"dRoomId":"","isBatchDoubtEnabled":false}]}